
> nodlr-portal@0.1.0 dev
> next dev -H 127.0.0.1 -p 3002

 ⨯ Failed to start server
Error: listen EADDRINUSE: address already in use 127.0.0.1:3002
    at <unknown> (Error: listen EADDRINUSE: address already in use 127.0.0.1:3002) {
 ○ Compiling /api/nodes ...
 ✓ Compiled /api/nodes in 2.7s (331 modules)
[Feature Flags]: {
  NODLR_DISABLE_SIM: false,
  COMMAND_DISABLE_SIM: false,
  NODLR_DEBUG_REGISTRATION: false
}
 GET /api/nodes 200 in 3104ms
 GET /api/nodes 200 in 26ms
 GET /api/nodes 200 in 33ms
 GET /api/nodes 200 in 16ms
 GET /api/nodes 200 in 16ms
 GET /api/nodes 200 in 18ms
 GET /api/nodes 200 in 13ms
 GET /api/nodes 200 in 11ms
 GET /api/nodes 200 in 23ms
 GET /api/nodes 200 in 16ms
 GET /api/nodes 200 in 13ms
 GET /api/nodes 200 in 13ms
 GET /api/nodes 200 in 13ms
 GET /api/nodes 200 in 13ms
 GET /api/nodes 200 in 14ms
 GET /api/nodes 200 in 11ms
 GET /api/nodes 200 in 12ms
 GET /api/nodes 200 in 10ms
 GET /api/nodes 200 in 9ms
 GET /api/nodes 200 in 20ms
 GET /api/nodes 200 in 10ms
 GET /api/nodes 200 in 10ms
 GET /api/nodes 200 in 10ms
 GET /api/nodes 200 in 10ms
 GET /api/nodes 200 in 8ms
 GET /api/nodes 200 in 9ms
 GET /api/nodes 200 in 10ms
 GET /api/nodes 200 in 9ms
 GET /api/nodes 200 in 11ms
 GET /api/nodes 200 in 9ms
 GET /api/nodes 200 in 9ms
 GET /api/nodes 200 in 8ms
 GET /api/nodes 200 in 11ms
 GET /api/nodes 200 in 9ms
 GET /api/nodes 200 in 10ms
 GET /api/nodes 200 in 9ms
 GET /api/nodes 200 in 9ms
 GET /api/nodes 200 in 11ms
 GET /api/nodes 200 in 8ms
 GET /api/nodes 200 in 7ms
 GET /api/nodes 200 in 11ms
 GET /api/nodes 200 in 8ms
 GET /api/nodes 200 in 8ms
 GET /api/nodes 200 in 9ms
 GET /api/nodes 200 in 10ms
 GET /api/nodes 200 in 8ms
 GET /api/nodes 200 in 10ms
 GET /api/nodes 200 in 10ms
 GET /api/nodes 200 in 8ms
 GET /api/nodes 200 in 9ms
 GET /api/nodes 200 in 9ms
 GET /api/nodes 200 in 14ms
 GET /api/nodes 200 in 9ms
 GET /api/nodes 200 in 12ms
 GET /api/nodes 200 in 8ms
 GET /api/nodes 200 in 9ms
 GET /api/nodes 200 in 9ms
 GET /api/nodes 200 in 8ms
 GET /api/nodes 200 in 8ms
 GET /api/nodes 200 in 9ms
 GET /api/nodes 200 in 11ms
 GET /api/nodes 200 in 9ms
 GET /api/nodes 200 in 9ms
 GET /api/nodes 200 in 8ms
 GET /api/nodes 200 in 13ms
 GET /api/nodes 200 in 12ms
 GET /api/nodes 200 in 8ms
 GET /api/nodes 200 in 13ms
 GET /api/nodes 200 in 8ms
 GET /api/nodes 200 in 9ms
 GET /api/nodes 200 in 12ms
 GET /api/nodes 200 in 8ms
 GET /api/nodes 200 in 8ms
 GET /api/nodes 200 in 8ms
 GET /api/nodes 200 in 8ms
 GET /api/nodes 200 in 8ms
 GET /api/nodes 200 in 7ms
 GET /api/nodes 200 in 8ms
 GET /api/nodes 200 in 8ms
 GET /api/nodes 200 in 10ms
 GET /api/nodes 200 in 10ms
 GET /api/nodes 200 in 12ms
 GET /api/nodes 200 in 7ms
 GET /api/nodes 200 in 11ms
 GET /api/nodes 200 in 7ms
 GET /api/nodes 200 in 8ms
 GET /api/nodes 200 in 10ms
 GET /api/nodes 200 in 9ms
 GET /api/nodes 200 in 13ms
 GET /api/nodes 200 in 9ms
 GET /api/nodes 200 in 9ms
 GET /api/nodes 200 in 8ms
 GET /api/nodes 200 in 9ms
 GET /api/nodes 200 in 16ms
 GET /api/nodes 200 in 8ms
 GET /api/nodes 200 in 8ms
 GET /api/nodes 200 in 8ms
 GET /api/nodes 200 in 10ms
 GET /api/nodes 200 in 15ms
 GET /api/nodes 200 in 8ms
 GET /api/nodes 200 in 9ms
 GET /api/nodes 200 in 9ms
 GET /api/nodes 200 in 7ms
 GET /api/nodes 200 in 9ms
 GET /api/nodes 200 in 8ms
 GET /api/nodes 200 in 10ms
 GET /api/nodes 200 in 8ms
 GET /api/nodes 200 in 8ms
 GET /api/nodes 200 in 9ms
 GET /api/nodes 200 in 9ms
 GET /api/nodes 200 in 9ms
 GET /api/nodes 200 in 8ms
 GET /api/nodes 200 in 8ms
 GET /api/nodes 200 in 8ms
 GET /api/nodes 200 in 9ms
 GET /api/nodes 200 in 7ms
 GET /api/nodes 200 in 8ms
 ○ Compiling /_not-found ...
 ✓ Compiled /_not-found in 13.9s (2225 modules)
 GET /api/nodes 404 in 14731ms
 ✓ Compiled in 979ms (1080 modules)
 GET /api/nodes 404 in 64ms
 GET /api/nodes 404 in 74ms
 GET /api/nodes 404 in 107ms
 ⨯ Error: Cannot find module './207.js'
Require stack:
- /home/obregan/Documents/nodl/apps/wnoder/.next/server/webpack-runtime.js
- /home/obregan/Documents/nodl/apps/wnoder/.next/server/app/_not-found/page.js
- /home/obregan/Documents/nodl/node_modules/next/dist/server/require.js
- /home/obregan/Documents/nodl/node_modules/next/dist/server/load-components.js
- /home/obregan/Documents/nodl/node_modules/next/dist/build/utils.js
- /home/obregan/Documents/nodl/node_modules/next/dist/build/swc/options.js
- /home/obregan/Documents/nodl/node_modules/next/dist/build/swc/index.js
- /home/obregan/Documents/nodl/node_modules/next/dist/build/analysis/parse-module.js
- /home/obregan/Documents/nodl/node_modules/next/dist/build/analysis/get-page-static-info.js
- /home/obregan/Documents/nodl/node_modules/next/dist/server/lib/router-utils/setup-dev-bundler.js
- /home/obregan/Documents/nodl/node_modules/next/dist/server/lib/router-server.js
- /home/obregan/Documents/nodl/node_modules/next/dist/server/lib/start-server.js
    at __webpack_require__.f.require (.next/server/webpack-runtime.js:203:28)
    at <unknown> (.next/server/webpack-runtime.js:116:40)
    at Array.reduce (<anonymous>)
    at __webpack_require__.e (.next/server/webpack-runtime.js:115:67)
    at Array.map (<anonymous>)
    at __webpack_require__.X (.next/server/webpack-runtime.js:167:22)
    at <unknown> (.next/server/app/api/nodes/route.js:1:3243)
    at Object.<anonymous> (.next/server/app/api/nodes/route.js:1:3288) {
  code: 'MODULE_NOT_FOUND',
  requireStack: [Array],
  page: '/api/nodes'
}
 ○ Compiling /_error ...
 ✓ Compiled /_error in 2.7s (1388 modules)
 GET /api/nodes 500 in 3305ms
 ⨯ Error: Cannot find module './207.js'
Require stack:
- /home/obregan/Documents/nodl/apps/wnoder/.next/server/webpack-runtime.js
- /home/obregan/Documents/nodl/apps/wnoder/.next/server/pages/_document.js
- /home/obregan/Documents/nodl/node_modules/next/dist/server/require.js
- /home/obregan/Documents/nodl/node_modules/next/dist/server/load-components.js
- /home/obregan/Documents/nodl/node_modules/next/dist/build/utils.js
- /home/obregan/Documents/nodl/node_modules/next/dist/build/swc/options.js
- /home/obregan/Documents/nodl/node_modules/next/dist/build/swc/index.js
- /home/obregan/Documents/nodl/node_modules/next/dist/build/analysis/parse-module.js
- /home/obregan/Documents/nodl/node_modules/next/dist/build/analysis/get-page-static-info.js
- /home/obregan/Documents/nodl/node_modules/next/dist/server/lib/router-utils/setup-dev-bundler.js
- /home/obregan/Documents/nodl/node_modules/next/dist/server/lib/router-server.js
- /home/obregan/Documents/nodl/node_modules/next/dist/server/lib/start-server.js
    at __webpack_require__.f.require (.next/server/webpack-runtime.js:156:28)
    at <unknown> (.next/server/webpack-runtime.js:83:40)
    at Array.reduce (<anonymous>)
    at __webpack_require__.e (.next/server/webpack-runtime.js:82:67)
    at Array.map (<anonymous>)
    at __webpack_require__.X (.next/server/webpack-runtime.js:120:22)
    at <unknown> (.next/server/app/api/nodes/route.js:1:3243)
    at Object.<anonymous> (.next/server/app/api/nodes/route.js:1:3288) {
  code: 'MODULE_NOT_FOUND',
  requireStack: [Array],
  page: '/api/nodes'
}
 GET /api/nodes 500 in 318ms
 ⨯ Error: Cannot find module './207.js'
Require stack:
- /home/obregan/Documents/nodl/apps/wnoder/.next/server/webpack-runtime.js
- /home/obregan/Documents/nodl/apps/wnoder/.next/server/pages/_document.js
- /home/obregan/Documents/nodl/node_modules/next/dist/server/require.js
- /home/obregan/Documents/nodl/node_modules/next/dist/server/load-components.js
- /home/obregan/Documents/nodl/node_modules/next/dist/build/utils.js
- /home/obregan/Documents/nodl/node_modules/next/dist/build/swc/options.js
- /home/obregan/Documents/nodl/node_modules/next/dist/build/swc/index.js
- /home/obregan/Documents/nodl/node_modules/next/dist/build/analysis/parse-module.js
- /home/obregan/Documents/nodl/node_modules/next/dist/build/analysis/get-page-static-info.js
- /home/obregan/Documents/nodl/node_modules/next/dist/server/lib/router-utils/setup-dev-bundler.js
- /home/obregan/Documents/nodl/node_modules/next/dist/server/lib/router-server.js
- /home/obregan/Documents/nodl/node_modules/next/dist/server/lib/start-server.js
    at __webpack_require__.f.require (.next/server/webpack-runtime.js:156:28)
    at <unknown> (.next/server/webpack-runtime.js:83:40)
    at Array.reduce (<anonymous>)
    at __webpack_require__.e (.next/server/webpack-runtime.js:82:67)
    at Array.map (<anonymous>)
    at __webpack_require__.X (.next/server/webpack-runtime.js:120:22)
    at <unknown> (.next/server/app/api/nodes/route.js:1:3243)
    at Object.<anonymous> (.next/server/app/api/nodes/route.js:1:3288) {
  code: 'MODULE_NOT_FOUND',
  requireStack: [Array],
  page: '/api/nodes'
}
 GET /api/nodes 500 in 267ms
 ⨯ Error: Cannot find module './207.js'
Require stack:
- /home/obregan/Documents/nodl/apps/wnoder/.next/server/webpack-runtime.js
- /home/obregan/Documents/nodl/apps/wnoder/.next/server/pages/_document.js
- /home/obregan/Documents/nodl/node_modules/next/dist/server/require.js
- /home/obregan/Documents/nodl/node_modules/next/dist/server/load-components.js
- /home/obregan/Documents/nodl/node_modules/next/dist/build/utils.js
- /home/obregan/Documents/nodl/node_modules/next/dist/build/swc/options.js
- /home/obregan/Documents/nodl/node_modules/next/dist/build/swc/index.js
- /home/obregan/Documents/nodl/node_modules/next/dist/build/analysis/parse-module.js
- /home/obregan/Documents/nodl/node_modules/next/dist/build/analysis/get-page-static-info.js
- /home/obregan/Documents/nodl/node_modules/next/dist/server/lib/router-utils/setup-dev-bundler.js
- /home/obregan/Documents/nodl/node_modules/next/dist/server/lib/router-server.js
- /home/obregan/Documents/nodl/node_modules/next/dist/server/lib/start-server.js
    at __webpack_require__.f.require (.next/server/webpack-runtime.js:156:28)
    at <unknown> (.next/server/webpack-runtime.js:83:40)
    at Array.reduce (<anonymous>)
    at __webpack_require__.e (.next/server/webpack-runtime.js:82:67)
    at Array.map (<anonymous>)
    at __webpack_require__.X (.next/server/webpack-runtime.js:120:22)
    at <unknown> (.next/server/app/api/nodes/route.js:1:3243)
    at Object.<anonymous> (.next/server/app/api/nodes/route.js:1:3288) {
  code: 'MODULE_NOT_FOUND',
  requireStack: [Array],
  page: '/api/nodes'
}
 GET /api/nodes 500 in 265ms
 ⨯ Error: Cannot find module './207.js'
Require stack:
- /home/obregan/Documents/nodl/apps/wnoder/.next/server/webpack-runtime.js
- /home/obregan/Documents/nodl/apps/wnoder/.next/server/pages/_document.js
- /home/obregan/Documents/nodl/node_modules/next/dist/server/require.js
- /home/obregan/Documents/nodl/node_modules/next/dist/server/load-components.js
- /home/obregan/Documents/nodl/node_modules/next/dist/build/utils.js
- /home/obregan/Documents/nodl/node_modules/next/dist/build/swc/options.js
- /home/obregan/Documents/nodl/node_modules/next/dist/build/swc/index.js
- /home/obregan/Documents/nodl/node_modules/next/dist/build/analysis/parse-module.js
- /home/obregan/Documents/nodl/node_modules/next/dist/build/analysis/get-page-static-info.js
- /home/obregan/Documents/nodl/node_modules/next/dist/server/lib/router-utils/setup-dev-bundler.js
- /home/obregan/Documents/nodl/node_modules/next/dist/server/lib/router-server.js
- /home/obregan/Documents/nodl/node_modules/next/dist/server/lib/start-server.js
    at __webpack_require__.f.require (.next/server/webpack-runtime.js:156:28)
    at <unknown> (.next/server/webpack-runtime.js:83:40)
    at Array.reduce (<anonymous>)
    at __webpack_require__.e (.next/server/webpack-runtime.js:82:67)
    at Array.map (<anonymous>)
    at __webpack_require__.X (.next/server/webpack-runtime.js:120:22)
    at <unknown> (.next/server/app/api/nodes/route.js:1:3243)
    at Object.<anonymous> (.next/server/app/api/nodes/route.js:1:3288) {
  code: 'MODULE_NOT_FOUND',
  requireStack: [Array],
  page: '/api/nodes'
}
 GET /api/nodes 500 in 265ms
 ⨯ Error: Cannot find module './207.js'
Require stack:
- /home/obregan/Documents/nodl/apps/wnoder/.next/server/webpack-runtime.js
- /home/obregan/Documents/nodl/apps/wnoder/.next/server/pages/_document.js
- /home/obregan/Documents/nodl/node_modules/next/dist/server/require.js
- /home/obregan/Documents/nodl/node_modules/next/dist/server/load-components.js
- /home/obregan/Documents/nodl/node_modules/next/dist/build/utils.js
- /home/obregan/Documents/nodl/node_modules/next/dist/build/swc/options.js
- /home/obregan/Documents/nodl/node_modules/next/dist/build/swc/index.js
- /home/obregan/Documents/nodl/node_modules/next/dist/build/analysis/parse-module.js
- /home/obregan/Documents/nodl/node_modules/next/dist/build/analysis/get-page-static-info.js
- /home/obregan/Documents/nodl/node_modules/next/dist/server/lib/router-utils/setup-dev-bundler.js
- /home/obregan/Documents/nodl/node_modules/next/dist/server/lib/router-server.js
- /home/obregan/Documents/nodl/node_modules/next/dist/server/lib/start-server.js
    at __webpack_require__.f.require (.next/server/webpack-runtime.js:156:28)
    at <unknown> (.next/server/webpack-runtime.js:83:40)
    at Array.reduce (<anonymous>)
    at __webpack_require__.e (.next/server/webpack-runtime.js:82:67)
    at Array.map (<anonymous>)
    at __webpack_require__.X (.next/server/webpack-runtime.js:120:22)
    at <unknown> (.next/server/app/api/nodes/route.js:1:3243)
    at Object.<anonymous> (.next/server/app/api/nodes/route.js:1:3288) {
  code: 'MODULE_NOT_FOUND',
  requireStack: [Array],
  page: '/api/nodes'
}
 GET /api/nodes 500 in 281ms
 ⨯ Error: Cannot find module './207.js'
Require stack:
- /home/obregan/Documents/nodl/apps/wnoder/.next/server/webpack-runtime.js
- /home/obregan/Documents/nodl/apps/wnoder/.next/server/pages/_document.js
- /home/obregan/Documents/nodl/node_modules/next/dist/server/require.js
- /home/obregan/Documents/nodl/node_modules/next/dist/server/load-components.js
- /home/obregan/Documents/nodl/node_modules/next/dist/build/utils.js
- /home/obregan/Documents/nodl/node_modules/next/dist/build/swc/options.js
- /home/obregan/Documents/nodl/node_modules/next/dist/build/swc/index.js
- /home/obregan/Documents/nodl/node_modules/next/dist/build/analysis/parse-module.js
- /home/obregan/Documents/nodl/node_modules/next/dist/build/analysis/get-page-static-info.js
- /home/obregan/Documents/nodl/node_modules/next/dist/server/lib/router-utils/setup-dev-bundler.js
- /home/obregan/Documents/nodl/node_modules/next/dist/server/lib/router-server.js
- /home/obregan/Documents/nodl/node_modules/next/dist/server/lib/start-server.js
    at __webpack_require__.f.require (.next/server/webpack-runtime.js:156:28)
    at <unknown> (.next/server/webpack-runtime.js:83:40)
    at Array.reduce (<anonymous>)
    at __webpack_require__.e (.next/server/webpack-runtime.js:82:67)
    at Array.map (<anonymous>)
    at __webpack_require__.X (.next/server/webpack-runtime.js:120:22)
    at <unknown> (.next/server/app/api/nodes/route.js:1:3243)
    at Object.<anonymous> (.next/server/app/api/nodes/route.js:1:3288) {
  code: 'MODULE_NOT_FOUND',
  requireStack: [Array],
  page: '/api/nodes'
}
 GET /api/nodes 500 in 263ms
 ⨯ Error: Cannot find module './207.js'
Require stack:
- /home/obregan/Documents/nodl/apps/wnoder/.next/server/webpack-runtime.js
- /home/obregan/Documents/nodl/apps/wnoder/.next/server/pages/_document.js
- /home/obregan/Documents/nodl/node_modules/next/dist/server/require.js
- /home/obregan/Documents/nodl/node_modules/next/dist/server/load-components.js
- /home/obregan/Documents/nodl/node_modules/next/dist/build/utils.js
- /home/obregan/Documents/nodl/node_modules/next/dist/build/swc/options.js
- /home/obregan/Documents/nodl/node_modules/next/dist/build/swc/index.js
- /home/obregan/Documents/nodl/node_modules/next/dist/build/analysis/parse-module.js
- /home/obregan/Documents/nodl/node_modules/next/dist/build/analysis/get-page-static-info.js
- /home/obregan/Documents/nodl/node_modules/next/dist/server/lib/router-utils/setup-dev-bundler.js
- /home/obregan/Documents/nodl/node_modules/next/dist/server/lib/router-server.js
- /home/obregan/Documents/nodl/node_modules/next/dist/server/lib/start-server.js
    at __webpack_require__.f.require (.next/server/webpack-runtime.js:156:28)
    at <unknown> (.next/server/webpack-runtime.js:83:40)
    at Array.reduce (<anonymous>)
    at __webpack_require__.e (.next/server/webpack-runtime.js:82:67)
    at Array.map (<anonymous>)
    at __webpack_require__.X (.next/server/webpack-runtime.js:120:22)
    at <unknown> (.next/server/app/api/nodes/route.js:1:3243)
    at Object.<anonymous> (.next/server/app/api/nodes/route.js:1:3288) {
  code: 'MODULE_NOT_FOUND',
  requireStack: [Array],
  page: '/api/nodes'
}
 GET /api/nodes 500 in 272ms
 ⨯ Error: Cannot find module './207.js'
Require stack:
- /home/obregan/Documents/nodl/apps/wnoder/.next/server/webpack-runtime.js
- /home/obregan/Documents/nodl/apps/wnoder/.next/server/pages/_document.js
- /home/obregan/Documents/nodl/node_modules/next/dist/server/require.js
- /home/obregan/Documents/nodl/node_modules/next/dist/server/load-components.js
- /home/obregan/Documents/nodl/node_modules/next/dist/build/utils.js
- /home/obregan/Documents/nodl/node_modules/next/dist/build/swc/options.js
- /home/obregan/Documents/nodl/node_modules/next/dist/build/swc/index.js
- /home/obregan/Documents/nodl/node_modules/next/dist/build/analysis/parse-module.js
- /home/obregan/Documents/nodl/node_modules/next/dist/build/analysis/get-page-static-info.js
- /home/obregan/Documents/nodl/node_modules/next/dist/server/lib/router-utils/setup-dev-bundler.js
- /home/obregan/Documents/nodl/node_modules/next/dist/server/lib/router-server.js
- /home/obregan/Documents/nodl/node_modules/next/dist/server/lib/start-server.js
    at __webpack_require__.f.require (.next/server/webpack-runtime.js:156:28)
    at <unknown> (.next/server/webpack-runtime.js:83:40)
    at Array.reduce (<anonymous>)
    at __webpack_require__.e (.next/server/webpack-runtime.js:82:67)
    at Array.map (<anonymous>)
    at __webpack_require__.X (.next/server/webpack-runtime.js:120:22)
    at <unknown> (.next/server/app/api/nodes/route.js:1:3243)
    at Object.<anonymous> (.next/server/app/api/nodes/route.js:1:3288) {
  code: 'MODULE_NOT_FOUND',
  requireStack: [Array],
  page: '/api/nodes'
}
 GET /api/nodes 500 in 270ms
 ⨯ Error: Cannot find module './207.js'
Require stack:
- /home/obregan/Documents/nodl/apps/wnoder/.next/server/webpack-runtime.js
- /home/obregan/Documents/nodl/apps/wnoder/.next/server/pages/_document.js
- /home/obregan/Documents/nodl/node_modules/next/dist/server/require.js
- /home/obregan/Documents/nodl/node_modules/next/dist/server/load-components.js
- /home/obregan/Documents/nodl/node_modules/next/dist/build/utils.js
- /home/obregan/Documents/nodl/node_modules/next/dist/build/swc/options.js
- /home/obregan/Documents/nodl/node_modules/next/dist/build/swc/index.js
- /home/obregan/Documents/nodl/node_modules/next/dist/build/analysis/parse-module.js
- /home/obregan/Documents/nodl/node_modules/next/dist/build/analysis/get-page-static-info.js
- /home/obregan/Documents/nodl/node_modules/next/dist/server/lib/router-utils/setup-dev-bundler.js
- /home/obregan/Documents/nodl/node_modules/next/dist/server/lib/router-server.js
- /home/obregan/Documents/nodl/node_modules/next/dist/server/lib/start-server.js
    at __webpack_require__.f.require (.next/server/webpack-runtime.js:156:28)
    at <unknown> (.next/server/webpack-runtime.js:83:40)
    at Array.reduce (<anonymous>)
    at __webpack_require__.e (.next/server/webpack-runtime.js:82:67)
    at Array.map (<anonymous>)
    at __webpack_require__.X (.next/server/webpack-runtime.js:120:22)
    at <unknown> (.next/server/app/api/nodes/route.js:1:3243)
    at Object.<anonymous> (.next/server/app/api/nodes/route.js:1:3288) {
  code: 'MODULE_NOT_FOUND',
  requireStack: [Array],
  page: '/api/nodes'
}
 GET /api/nodes 500 in 273ms
 ⨯ Error: Cannot find module './207.js'
Require stack:
- /home/obregan/Documents/nodl/apps/wnoder/.next/server/webpack-runtime.js
- /home/obregan/Documents/nodl/apps/wnoder/.next/server/pages/_document.js
- /home/obregan/Documents/nodl/node_modules/next/dist/server/require.js
- /home/obregan/Documents/nodl/node_modules/next/dist/server/load-components.js
- /home/obregan/Documents/nodl/node_modules/next/dist/build/utils.js
- /home/obregan/Documents/nodl/node_modules/next/dist/build/swc/options.js
- /home/obregan/Documents/nodl/node_modules/next/dist/build/swc/index.js
- /home/obregan/Documents/nodl/node_modules/next/dist/build/analysis/parse-module.js
- /home/obregan/Documents/nodl/node_modules/next/dist/build/analysis/get-page-static-info.js
- /home/obregan/Documents/nodl/node_modules/next/dist/server/lib/router-utils/setup-dev-bundler.js
- /home/obregan/Documents/nodl/node_modules/next/dist/server/lib/router-server.js
- /home/obregan/Documents/nodl/node_modules/next/dist/server/lib/start-server.js
    at __webpack_require__.f.require (.next/server/webpack-runtime.js:156:28)
    at <unknown> (.next/server/webpack-runtime.js:83:40)
    at Array.reduce (<anonymous>)
    at __webpack_require__.e (.next/server/webpack-runtime.js:82:67)
    at Array.map (<anonymous>)
    at __webpack_require__.X (.next/server/webpack-runtime.js:120:22)
    at <unknown> (.next/server/app/api/nodes/route.js:1:3243)
    at Object.<anonymous> (.next/server/app/api/nodes/route.js:1:3288) {
  code: 'MODULE_NOT_FOUND',
  requireStack: [Array],
  page: '/api/nodes'
}
 GET /api/nodes 500 in 282ms
 ⨯ Error: Cannot find module './207.js'
Require stack:
- /home/obregan/Documents/nodl/apps/wnoder/.next/server/webpack-runtime.js
- /home/obregan/Documents/nodl/apps/wnoder/.next/server/pages/_document.js
- /home/obregan/Documents/nodl/node_modules/next/dist/server/require.js
- /home/obregan/Documents/nodl/node_modules/next/dist/server/load-components.js
- /home/obregan/Documents/nodl/node_modules/next/dist/build/utils.js
- /home/obregan/Documents/nodl/node_modules/next/dist/build/swc/options.js
- /home/obregan/Documents/nodl/node_modules/next/dist/build/swc/index.js
- /home/obregan/Documents/nodl/node_modules/next/dist/build/analysis/parse-module.js
- /home/obregan/Documents/nodl/node_modules/next/dist/build/analysis/get-page-static-info.js
- /home/obregan/Documents/nodl/node_modules/next/dist/server/lib/router-utils/setup-dev-bundler.js
- /home/obregan/Documents/nodl/node_modules/next/dist/server/lib/router-server.js
- /home/obregan/Documents/nodl/node_modules/next/dist/server/lib/start-server.js
    at __webpack_require__.f.require (.next/server/webpack-runtime.js:156:28)
    at <unknown> (.next/server/webpack-runtime.js:83:40)
    at Array.reduce (<anonymous>)
    at __webpack_require__.e (.next/server/webpack-runtime.js:82:67)
    at Array.map (<anonymous>)
    at __webpack_require__.X (.next/server/webpack-runtime.js:120:22)
    at <unknown> (.next/server/app/api/nodes/route.js:1:3243)
    at Object.<anonymous> (.next/server/app/api/nodes/route.js:1:3288) {
  code: 'MODULE_NOT_FOUND',
  requireStack: [Array],
  page: '/api/nodes'
}
 GET /api/nodes 500 in 260ms
 ⨯ Error: Cannot find module './207.js'
Require stack:
- /home/obregan/Documents/nodl/apps/wnoder/.next/server/webpack-runtime.js
- /home/obregan/Documents/nodl/apps/wnoder/.next/server/pages/_document.js
- /home/obregan/Documents/nodl/node_modules/next/dist/server/require.js
- /home/obregan/Documents/nodl/node_modules/next/dist/server/load-components.js
- /home/obregan/Documents/nodl/node_modules/next/dist/build/utils.js
- /home/obregan/Documents/nodl/node_modules/next/dist/build/swc/options.js
- /home/obregan/Documents/nodl/node_modules/next/dist/build/swc/index.js
- /home/obregan/Documents/nodl/node_modules/next/dist/build/analysis/parse-module.js
- /home/obregan/Documents/nodl/node_modules/next/dist/build/analysis/get-page-static-info.js
- /home/obregan/Documents/nodl/node_modules/next/dist/server/lib/router-utils/setup-dev-bundler.js
- /home/obregan/Documents/nodl/node_modules/next/dist/server/lib/router-server.js
- /home/obregan/Documents/nodl/node_modules/next/dist/server/lib/start-server.js
    at __webpack_require__.f.require (.next/server/webpack-runtime.js:156:28)
    at <unknown> (.next/server/webpack-runtime.js:83:40)
    at Array.reduce (<anonymous>)
    at __webpack_require__.e (.next/server/webpack-runtime.js:82:67)
    at Array.map (<anonymous>)
    at __webpack_require__.X (.next/server/webpack-runtime.js:120:22)
    at <unknown> (.next/server/app/api/nodes/route.js:1:3243)
    at Object.<anonymous> (.next/server/app/api/nodes/route.js:1:3288) {
  code: 'MODULE_NOT_FOUND',
  requireStack: [Array],
  page: '/api/nodes'
}
 GET /api/nodes 500 in 264ms
 ⨯ Error: Cannot find module './207.js'
Require stack:
- /home/obregan/Documents/nodl/apps/wnoder/.next/server/webpack-runtime.js
- /home/obregan/Documents/nodl/apps/wnoder/.next/server/pages/_document.js
- /home/obregan/Documents/nodl/node_modules/next/dist/server/require.js
- /home/obregan/Documents/nodl/node_modules/next/dist/server/load-components.js
- /home/obregan/Documents/nodl/node_modules/next/dist/build/utils.js
- /home/obregan/Documents/nodl/node_modules/next/dist/build/swc/options.js
- /home/obregan/Documents/nodl/node_modules/next/dist/build/swc/index.js
- /home/obregan/Documents/nodl/node_modules/next/dist/build/analysis/parse-module.js
- /home/obregan/Documents/nodl/node_modules/next/dist/build/analysis/get-page-static-info.js
- /home/obregan/Documents/nodl/node_modules/next/dist/server/lib/router-utils/setup-dev-bundler.js
- /home/obregan/Documents/nodl/node_modules/next/dist/server/lib/router-server.js
- /home/obregan/Documents/nodl/node_modules/next/dist/server/lib/start-server.js
    at __webpack_require__.f.require (.next/server/webpack-runtime.js:156:28)
    at <unknown> (.next/server/webpack-runtime.js:83:40)
    at Array.reduce (<anonymous>)
    at __webpack_require__.e (.next/server/webpack-runtime.js:82:67)
    at Array.map (<anonymous>)
    at __webpack_require__.X (.next/server/webpack-runtime.js:120:22)
    at <unknown> (.next/server/app/api/nodes/route.js:1:3243)
    at Object.<anonymous> (.next/server/app/api/nodes/route.js:1:3288) {
  code: 'MODULE_NOT_FOUND',
  requireStack: [Array],
  page: '/api/nodes'
}
 GET /api/nodes 500 in 263ms
 ⨯ Error: Cannot find module './207.js'
Require stack:
- /home/obregan/Documents/nodl/apps/wnoder/.next/server/webpack-runtime.js
- /home/obregan/Documents/nodl/apps/wnoder/.next/server/pages/_document.js
- /home/obregan/Documents/nodl/node_modules/next/dist/server/require.js
- /home/obregan/Documents/nodl/node_modules/next/dist/server/load-components.js
- /home/obregan/Documents/nodl/node_modules/next/dist/build/utils.js
- /home/obregan/Documents/nodl/node_modules/next/dist/build/swc/options.js
- /home/obregan/Documents/nodl/node_modules/next/dist/build/swc/index.js
- /home/obregan/Documents/nodl/node_modules/next/dist/build/analysis/parse-module.js
- /home/obregan/Documents/nodl/node_modules/next/dist/build/analysis/get-page-static-info.js
- /home/obregan/Documents/nodl/node_modules/next/dist/server/lib/router-utils/setup-dev-bundler.js
- /home/obregan/Documents/nodl/node_modules/next/dist/server/lib/router-server.js
- /home/obregan/Documents/nodl/node_modules/next/dist/server/lib/start-server.js
    at __webpack_require__.f.require (.next/server/webpack-runtime.js:156:28)
    at <unknown> (.next/server/webpack-runtime.js:83:40)
    at Array.reduce (<anonymous>)
    at __webpack_require__.e (.next/server/webpack-runtime.js:82:67)
    at Array.map (<anonymous>)
    at __webpack_require__.X (.next/server/webpack-runtime.js:120:22)
    at <unknown> (.next/server/app/api/nodes/route.js:1:3243)
    at Object.<anonymous> (.next/server/app/api/nodes/route.js:1:3288) {
  code: 'MODULE_NOT_FOUND',
  requireStack: [Array],
  page: '/api/nodes'
}
 GET /api/nodes 500 in 322ms
 ⨯ Error: Cannot find module './207.js'
Require stack:
- /home/obregan/Documents/nodl/apps/wnoder/.next/server/webpack-runtime.js
- /home/obregan/Documents/nodl/apps/wnoder/.next/server/pages/_document.js
- /home/obregan/Documents/nodl/node_modules/next/dist/server/require.js
- /home/obregan/Documents/nodl/node_modules/next/dist/server/load-components.js
- /home/obregan/Documents/nodl/node_modules/next/dist/build/utils.js
- /home/obregan/Documents/nodl/node_modules/next/dist/build/swc/options.js
- /home/obregan/Documents/nodl/node_modules/next/dist/build/swc/index.js
- /home/obregan/Documents/nodl/node_modules/next/dist/build/analysis/parse-module.js
- /home/obregan/Documents/nodl/node_modules/next/dist/build/analysis/get-page-static-info.js
- /home/obregan/Documents/nodl/node_modules/next/dist/server/lib/router-utils/setup-dev-bundler.js
- /home/obregan/Documents/nodl/node_modules/next/dist/server/lib/router-server.js
- /home/obregan/Documents/nodl/node_modules/next/dist/server/lib/start-server.js
    at __webpack_require__.f.require (.next/server/webpack-runtime.js:156:28)
    at <unknown> (.next/server/webpack-runtime.js:83:40)
    at Array.reduce (<anonymous>)
    at __webpack_require__.e (.next/server/webpack-runtime.js:82:67)
    at Array.map (<anonymous>)
    at __webpack_require__.X (.next/server/webpack-runtime.js:120:22)
    at <unknown> (.next/server/app/api/nodes/route.js:1:3243)
    at Object.<anonymous> (.next/server/app/api/nodes/route.js:1:3288) {
  code: 'MODULE_NOT_FOUND',
  requireStack: [Array],
  page: '/api/nodes'
}
 GET /api/nodes 500 in 388ms
 ⨯ Error: Cannot find module './207.js'
Require stack:
- /home/obregan/Documents/nodl/apps/wnoder/.next/server/webpack-runtime.js
- /home/obregan/Documents/nodl/apps/wnoder/.next/server/pages/_document.js
- /home/obregan/Documents/nodl/node_modules/next/dist/server/require.js
- /home/obregan/Documents/nodl/node_modules/next/dist/server/load-components.js
- /home/obregan/Documents/nodl/node_modules/next/dist/build/utils.js
- /home/obregan/Documents/nodl/node_modules/next/dist/build/swc/options.js
- /home/obregan/Documents/nodl/node_modules/next/dist/build/swc/index.js
- /home/obregan/Documents/nodl/node_modules/next/dist/build/analysis/parse-module.js
- /home/obregan/Documents/nodl/node_modules/next/dist/build/analysis/get-page-static-info.js
- /home/obregan/Documents/nodl/node_modules/next/dist/server/lib/router-utils/setup-dev-bundler.js
- /home/obregan/Documents/nodl/node_modules/next/dist/server/lib/router-server.js
- /home/obregan/Documents/nodl/node_modules/next/dist/server/lib/start-server.js
    at __webpack_require__.f.require (.next/server/webpack-runtime.js:156:28)
    at <unknown> (.next/server/webpack-runtime.js:83:40)
    at Array.reduce (<anonymous>)
    at __webpack_require__.e (.next/server/webpack-runtime.js:82:67)
    at Array.map (<anonymous>)
    at __webpack_require__.X (.next/server/webpack-runtime.js:120:22)
    at <unknown> (.next/server/app/api/nodes/route.js:1:3243)
    at Object.<anonymous> (.next/server/app/api/nodes/route.js:1:3288) {
  code: 'MODULE_NOT_FOUND',
  requireStack: [Array],
  page: '/api/nodes'
}
 GET /api/nodes 500 in 323ms
 ⨯ Error: Cannot find module './207.js'
Require stack:
- /home/obregan/Documents/nodl/apps/wnoder/.next/server/webpack-runtime.js
- /home/obregan/Documents/nodl/apps/wnoder/.next/server/pages/_document.js
- /home/obregan/Documents/nodl/node_modules/next/dist/server/require.js
- /home/obregan/Documents/nodl/node_modules/next/dist/server/load-components.js
- /home/obregan/Documents/nodl/node_modules/next/dist/build/utils.js
- /home/obregan/Documents/nodl/node_modules/next/dist/build/swc/options.js
- /home/obregan/Documents/nodl/node_modules/next/dist/build/swc/index.js
- /home/obregan/Documents/nodl/node_modules/next/dist/build/analysis/parse-module.js
- /home/obregan/Documents/nodl/node_modules/next/dist/build/analysis/get-page-static-info.js
- /home/obregan/Documents/nodl/node_modules/next/dist/server/lib/router-utils/setup-dev-bundler.js
- /home/obregan/Documents/nodl/node_modules/next/dist/server/lib/router-server.js
- /home/obregan/Documents/nodl/node_modules/next/dist/server/lib/start-server.js
    at __webpack_require__.f.require (.next/server/webpack-runtime.js:156:28)
    at <unknown> (.next/server/webpack-runtime.js:83:40)
    at Array.reduce (<anonymous>)
    at __webpack_require__.e (.next/server/webpack-runtime.js:82:67)
    at Array.map (<anonymous>)
    at __webpack_require__.X (.next/server/webpack-runtime.js:120:22)
    at <unknown> (.next/server/app/api/nodes/route.js:1:3243)
    at Object.<anonymous> (.next/server/app/api/nodes/route.js:1:3288) {
  code: 'MODULE_NOT_FOUND',
  requireStack: [Array],
  page: '/api/nodes'
}
 GET /api/nodes 500 in 461ms
 ⨯ Error: Cannot find module './207.js'
Require stack:
- /home/obregan/Documents/nodl/apps/wnoder/.next/server/webpack-runtime.js
- /home/obregan/Documents/nodl/apps/wnoder/.next/server/pages/_document.js
- /home/obregan/Documents/nodl/node_modules/next/dist/server/require.js
- /home/obregan/Documents/nodl/node_modules/next/dist/server/load-components.js
- /home/obregan/Documents/nodl/node_modules/next/dist/build/utils.js
- /home/obregan/Documents/nodl/node_modules/next/dist/build/swc/options.js
- /home/obregan/Documents/nodl/node_modules/next/dist/build/swc/index.js
- /home/obregan/Documents/nodl/node_modules/next/dist/build/analysis/parse-module.js
- /home/obregan/Documents/nodl/node_modules/next/dist/build/analysis/get-page-static-info.js
- /home/obregan/Documents/nodl/node_modules/next/dist/server/lib/router-utils/setup-dev-bundler.js
- /home/obregan/Documents/nodl/node_modules/next/dist/server/lib/router-server.js
- /home/obregan/Documents/nodl/node_modules/next/dist/server/lib/start-server.js
    at __webpack_require__.f.require (.next/server/webpack-runtime.js:156:28)
    at <unknown> (.next/server/webpack-runtime.js:83:40)
    at Array.reduce (<anonymous>)
    at __webpack_require__.e (.next/server/webpack-runtime.js:82:67)
    at Array.map (<anonymous>)
    at __webpack_require__.X (.next/server/webpack-runtime.js:120:22)
    at <unknown> (.next/server/app/api/nodes/route.js:1:3243)
    at Object.<anonymous> (.next/server/app/api/nodes/route.js:1:3288) {
  code: 'MODULE_NOT_FOUND',
  requireStack: [Array],
  page: '/api/nodes'
}
 GET /api/nodes 500 in 264ms
 ⨯ Error: Cannot find module './207.js'
Require stack:
- /home/obregan/Documents/nodl/apps/wnoder/.next/server/webpack-runtime.js
- /home/obregan/Documents/nodl/apps/wnoder/.next/server/pages/_document.js
- /home/obregan/Documents/nodl/node_modules/next/dist/server/require.js
- /home/obregan/Documents/nodl/node_modules/next/dist/server/load-components.js
- /home/obregan/Documents/nodl/node_modules/next/dist/build/utils.js
- /home/obregan/Documents/nodl/node_modules/next/dist/build/swc/options.js
- /home/obregan/Documents/nodl/node_modules/next/dist/build/swc/index.js
- /home/obregan/Documents/nodl/node_modules/next/dist/build/analysis/parse-module.js
- /home/obregan/Documents/nodl/node_modules/next/dist/build/analysis/get-page-static-info.js
- /home/obregan/Documents/nodl/node_modules/next/dist/server/lib/router-utils/setup-dev-bundler.js
- /home/obregan/Documents/nodl/node_modules/next/dist/server/lib/router-server.js
- /home/obregan/Documents/nodl/node_modules/next/dist/server/lib/start-server.js
    at __webpack_require__.f.require (.next/server/webpack-runtime.js:156:28)
    at <unknown> (.next/server/webpack-runtime.js:83:40)
    at Array.reduce (<anonymous>)
    at __webpack_require__.e (.next/server/webpack-runtime.js:82:67)
    at Array.map (<anonymous>)
    at __webpack_require__.X (.next/server/webpack-runtime.js:120:22)
    at <unknown> (.next/server/app/api/nodes/route.js:1:3243)
    at Object.<anonymous> (.next/server/app/api/nodes/route.js:1:3288) {
  code: 'MODULE_NOT_FOUND',
  requireStack: [Array],
  page: '/api/nodes'
}
 GET /api/nodes 500 in 284ms
 ⨯ Error: Cannot find module './207.js'
Require stack:
- /home/obregan/Documents/nodl/apps/wnoder/.next/server/webpack-runtime.js
- /home/obregan/Documents/nodl/apps/wnoder/.next/server/pages/_document.js
- /home/obregan/Documents/nodl/node_modules/next/dist/server/require.js
- /home/obregan/Documents/nodl/node_modules/next/dist/server/load-components.js
- /home/obregan/Documents/nodl/node_modules/next/dist/build/utils.js
- /home/obregan/Documents/nodl/node_modules/next/dist/build/swc/options.js
- /home/obregan/Documents/nodl/node_modules/next/dist/build/swc/index.js
- /home/obregan/Documents/nodl/node_modules/next/dist/build/analysis/parse-module.js
- /home/obregan/Documents/nodl/node_modules/next/dist/build/analysis/get-page-static-info.js
- /home/obregan/Documents/nodl/node_modules/next/dist/server/lib/router-utils/setup-dev-bundler.js
- /home/obregan/Documents/nodl/node_modules/next/dist/server/lib/router-server.js
- /home/obregan/Documents/nodl/node_modules/next/dist/server/lib/start-server.js
    at __webpack_require__.f.require (.next/server/webpack-runtime.js:156:28)
    at <unknown> (.next/server/webpack-runtime.js:83:40)
    at Array.reduce (<anonymous>)
    at __webpack_require__.e (.next/server/webpack-runtime.js:82:67)
    at Array.map (<anonymous>)
    at __webpack_require__.X (.next/server/webpack-runtime.js:120:22)
    at <unknown> (.next/server/app/api/nodes/route.js:1:3243)
    at Object.<anonymous> (.next/server/app/api/nodes/route.js:1:3288) {
  code: 'MODULE_NOT_FOUND',
  requireStack: [Array],
  page: '/api/nodes'
}
 GET /api/nodes 500 in 264ms
 ⨯ Error: Cannot find module './207.js'
Require stack:
- /home/obregan/Documents/nodl/apps/wnoder/.next/server/webpack-runtime.js
- /home/obregan/Documents/nodl/apps/wnoder/.next/server/pages/_document.js
- /home/obregan/Documents/nodl/node_modules/next/dist/server/require.js
- /home/obregan/Documents/nodl/node_modules/next/dist/server/load-components.js
- /home/obregan/Documents/nodl/node_modules/next/dist/build/utils.js
- /home/obregan/Documents/nodl/node_modules/next/dist/build/swc/options.js
- /home/obregan/Documents/nodl/node_modules/next/dist/build/swc/index.js
- /home/obregan/Documents/nodl/node_modules/next/dist/build/analysis/parse-module.js
- /home/obregan/Documents/nodl/node_modules/next/dist/build/analysis/get-page-static-info.js
- /home/obregan/Documents/nodl/node_modules/next/dist/server/lib/router-utils/setup-dev-bundler.js
- /home/obregan/Documents/nodl/node_modules/next/dist/server/lib/router-server.js
- /home/obregan/Documents/nodl/node_modules/next/dist/server/lib/start-server.js
    at __webpack_require__.f.require (.next/server/webpack-runtime.js:156:28)
    at <unknown> (.next/server/webpack-runtime.js:83:40)
    at Array.reduce (<anonymous>)
    at __webpack_require__.e (.next/server/webpack-runtime.js:82:67)
    at Array.map (<anonymous>)
    at __webpack_require__.X (.next/server/webpack-runtime.js:120:22)
    at <unknown> (.next/server/app/api/nodes/route.js:1:3243)
    at Object.<anonymous> (.next/server/app/api/nodes/route.js:1:3288) {
  code: 'MODULE_NOT_FOUND',
  requireStack: [Array],
  page: '/api/nodes'
}
 GET /api/nodes 500 in 264ms
 ⨯ Error: Cannot find module './207.js'
Require stack:
- /home/obregan/Documents/nodl/apps/wnoder/.next/server/webpack-runtime.js
- /home/obregan/Documents/nodl/apps/wnoder/.next/server/pages/_document.js
- /home/obregan/Documents/nodl/node_modules/next/dist/server/require.js
- /home/obregan/Documents/nodl/node_modules/next/dist/server/load-components.js
- /home/obregan/Documents/nodl/node_modules/next/dist/build/utils.js
- /home/obregan/Documents/nodl/node_modules/next/dist/build/swc/options.js
- /home/obregan/Documents/nodl/node_modules/next/dist/build/swc/index.js
- /home/obregan/Documents/nodl/node_modules/next/dist/build/analysis/parse-module.js
- /home/obregan/Documents/nodl/node_modules/next/dist/build/analysis/get-page-static-info.js
- /home/obregan/Documents/nodl/node_modules/next/dist/server/lib/router-utils/setup-dev-bundler.js
- /home/obregan/Documents/nodl/node_modules/next/dist/server/lib/router-server.js
- /home/obregan/Documents/nodl/node_modules/next/dist/server/lib/start-server.js
    at __webpack_require__.f.require (.next/server/webpack-runtime.js:156:28)
    at <unknown> (.next/server/webpack-runtime.js:83:40)
    at Array.reduce (<anonymous>)
    at __webpack_require__.e (.next/server/webpack-runtime.js:82:67)
    at Array.map (<anonymous>)
    at __webpack_require__.X (.next/server/webpack-runtime.js:120:22)
    at <unknown> (.next/server/app/api/nodes/route.js:1:3243)
    at Object.<anonymous> (.next/server/app/api/nodes/route.js:1:3288) {
  code: 'MODULE_NOT_FOUND',
  requireStack: [Array],
  page: '/api/nodes'
}
 GET /api/nodes 500 in 258ms
 ⨯ Error: Cannot find module './207.js'
Require stack:
- /home/obregan/Documents/nodl/apps/wnoder/.next/server/webpack-runtime.js
- /home/obregan/Documents/nodl/apps/wnoder/.next/server/pages/_document.js
- /home/obregan/Documents/nodl/node_modules/next/dist/server/require.js
- /home/obregan/Documents/nodl/node_modules/next/dist/server/load-components.js
- /home/obregan/Documents/nodl/node_modules/next/dist/build/utils.js
- /home/obregan/Documents/nodl/node_modules/next/dist/build/swc/options.js
- /home/obregan/Documents/nodl/node_modules/next/dist/build/swc/index.js
- /home/obregan/Documents/nodl/node_modules/next/dist/build/analysis/parse-module.js
- /home/obregan/Documents/nodl/node_modules/next/dist/build/analysis/get-page-static-info.js
- /home/obregan/Documents/nodl/node_modules/next/dist/server/lib/router-utils/setup-dev-bundler.js
- /home/obregan/Documents/nodl/node_modules/next/dist/server/lib/router-server.js
- /home/obregan/Documents/nodl/node_modules/next/dist/server/lib/start-server.js
    at __webpack_require__.f.require (.next/server/webpack-runtime.js:156:28)
    at <unknown> (.next/server/webpack-runtime.js:83:40)
    at Array.reduce (<anonymous>)
    at __webpack_require__.e (.next/server/webpack-runtime.js:82:67)
    at Array.map (<anonymous>)
    at __webpack_require__.X (.next/server/webpack-runtime.js:120:22)
    at <unknown> (.next/server/app/api/nodes/route.js:1:3243)
    at Object.<anonymous> (.next/server/app/api/nodes/route.js:1:3288) {
  code: 'MODULE_NOT_FOUND',
  requireStack: [Array],
  page: '/api/nodes'
}
 GET /api/nodes 500 in 265ms
 ⨯ Error: Cannot find module './207.js'
Require stack:
- /home/obregan/Documents/nodl/apps/wnoder/.next/server/webpack-runtime.js
- /home/obregan/Documents/nodl/apps/wnoder/.next/server/pages/_document.js
- /home/obregan/Documents/nodl/node_modules/next/dist/server/require.js
- /home/obregan/Documents/nodl/node_modules/next/dist/server/load-components.js
- /home/obregan/Documents/nodl/node_modules/next/dist/build/utils.js
- /home/obregan/Documents/nodl/node_modules/next/dist/build/swc/options.js
- /home/obregan/Documents/nodl/node_modules/next/dist/build/swc/index.js
- /home/obregan/Documents/nodl/node_modules/next/dist/build/analysis/parse-module.js
- /home/obregan/Documents/nodl/node_modules/next/dist/build/analysis/get-page-static-info.js
- /home/obregan/Documents/nodl/node_modules/next/dist/server/lib/router-utils/setup-dev-bundler.js
- /home/obregan/Documents/nodl/node_modules/next/dist/server/lib/router-server.js
- /home/obregan/Documents/nodl/node_modules/next/dist/server/lib/start-server.js
    at __webpack_require__.f.require (.next/server/webpack-runtime.js:156:28)
    at <unknown> (.next/server/webpack-runtime.js:83:40)
    at Array.reduce (<anonymous>)
    at __webpack_require__.e (.next/server/webpack-runtime.js:82:67)
    at Array.map (<anonymous>)
    at __webpack_require__.X (.next/server/webpack-runtime.js:120:22)
    at <unknown> (.next/server/app/api/nodes/route.js:1:3243)
    at Object.<anonymous> (.next/server/app/api/nodes/route.js:1:3288) {
  code: 'MODULE_NOT_FOUND',
  requireStack: [Array],
  page: '/api/nodes'
}
 GET /api/nodes 500 in 305ms
 ⨯ Error: Cannot find module './207.js'
Require stack:
- /home/obregan/Documents/nodl/apps/wnoder/.next/server/webpack-runtime.js
- /home/obregan/Documents/nodl/apps/wnoder/.next/server/pages/_document.js
- /home/obregan/Documents/nodl/node_modules/next/dist/server/require.js
- /home/obregan/Documents/nodl/node_modules/next/dist/server/load-components.js
- /home/obregan/Documents/nodl/node_modules/next/dist/build/utils.js
- /home/obregan/Documents/nodl/node_modules/next/dist/build/swc/options.js
- /home/obregan/Documents/nodl/node_modules/next/dist/build/swc/index.js
- /home/obregan/Documents/nodl/node_modules/next/dist/build/analysis/parse-module.js
- /home/obregan/Documents/nodl/node_modules/next/dist/build/analysis/get-page-static-info.js
- /home/obregan/Documents/nodl/node_modules/next/dist/server/lib/router-utils/setup-dev-bundler.js
- /home/obregan/Documents/nodl/node_modules/next/dist/server/lib/router-server.js
- /home/obregan/Documents/nodl/node_modules/next/dist/server/lib/start-server.js
    at __webpack_require__.f.require (.next/server/webpack-runtime.js:156:28)
    at <unknown> (.next/server/webpack-runtime.js:83:40)
    at Array.reduce (<anonymous>)
    at __webpack_require__.e (.next/server/webpack-runtime.js:82:67)
    at Array.map (<anonymous>)
    at __webpack_require__.X (.next/server/webpack-runtime.js:120:22)
    at <unknown> (.next/server/app/api/nodes/route.js:1:3243)
    at Object.<anonymous> (.next/server/app/api/nodes/route.js:1:3288) {
  code: 'MODULE_NOT_FOUND',
  requireStack: [Array],
  page: '/api/nodes'
}
 GET /api/nodes 500 in 311ms
 ⨯ Error: Cannot find module './207.js'
Require stack:
- /home/obregan/Documents/nodl/apps/wnoder/.next/server/webpack-runtime.js
- /home/obregan/Documents/nodl/apps/wnoder/.next/server/pages/_document.js
- /home/obregan/Documents/nodl/node_modules/next/dist/server/require.js
- /home/obregan/Documents/nodl/node_modules/next/dist/server/load-components.js
- /home/obregan/Documents/nodl/node_modules/next/dist/build/utils.js
- /home/obregan/Documents/nodl/node_modules/next/dist/build/swc/options.js
- /home/obregan/Documents/nodl/node_modules/next/dist/build/swc/index.js
- /home/obregan/Documents/nodl/node_modules/next/dist/build/analysis/parse-module.js
- /home/obregan/Documents/nodl/node_modules/next/dist/build/analysis/get-page-static-info.js
- /home/obregan/Documents/nodl/node_modules/next/dist/server/lib/router-utils/setup-dev-bundler.js
- /home/obregan/Documents/nodl/node_modules/next/dist/server/lib/router-server.js
- /home/obregan/Documents/nodl/node_modules/next/dist/server/lib/start-server.js
    at __webpack_require__.f.require (.next/server/webpack-runtime.js:156:28)
    at <unknown> (.next/server/webpack-runtime.js:83:40)
    at Array.reduce (<anonymous>)
    at __webpack_require__.e (.next/server/webpack-runtime.js:82:67)
    at Array.map (<anonymous>)
    at __webpack_require__.X (.next/server/webpack-runtime.js:120:22)
    at <unknown> (.next/server/app/api/nodes/route.js:1:3243)
    at Object.<anonymous> (.next/server/app/api/nodes/route.js:1:3288) {
  code: 'MODULE_NOT_FOUND',
  requireStack: [Array],
  page: '/api/nodes'
}
 GET /api/nodes 500 in 306ms
 ⨯ Error: Cannot find module './207.js'
Require stack:
- /home/obregan/Documents/nodl/apps/wnoder/.next/server/webpack-runtime.js
- /home/obregan/Documents/nodl/apps/wnoder/.next/server/pages/_document.js
- /home/obregan/Documents/nodl/node_modules/next/dist/server/require.js
- /home/obregan/Documents/nodl/node_modules/next/dist/server/load-components.js
- /home/obregan/Documents/nodl/node_modules/next/dist/build/utils.js
- /home/obregan/Documents/nodl/node_modules/next/dist/build/swc/options.js
- /home/obregan/Documents/nodl/node_modules/next/dist/build/swc/index.js
- /home/obregan/Documents/nodl/node_modules/next/dist/build/analysis/parse-module.js
- /home/obregan/Documents/nodl/node_modules/next/dist/build/analysis/get-page-static-info.js
- /home/obregan/Documents/nodl/node_modules/next/dist/server/lib/router-utils/setup-dev-bundler.js
- /home/obregan/Documents/nodl/node_modules/next/dist/server/lib/router-server.js
- /home/obregan/Documents/nodl/node_modules/next/dist/server/lib/start-server.js
    at __webpack_require__.f.require (.next/server/webpack-runtime.js:156:28)
    at <unknown> (.next/server/webpack-runtime.js:83:40)
    at Array.reduce (<anonymous>)
    at __webpack_require__.e (.next/server/webpack-runtime.js:82:67)
    at Array.map (<anonymous>)
    at __webpack_require__.X (.next/server/webpack-runtime.js:120:22)
    at <unknown> (.next/server/app/api/nodes/route.js:1:3243)
    at Object.<anonymous> (.next/server/app/api/nodes/route.js:1:3288) {
  code: 'MODULE_NOT_FOUND',
  requireStack: [Array],
  page: '/api/nodes'
}
 GET /api/nodes 500 in 286ms
 ⨯ Error: Cannot find module './207.js'
Require stack:
- /home/obregan/Documents/nodl/apps/wnoder/.next/server/webpack-runtime.js
- /home/obregan/Documents/nodl/apps/wnoder/.next/server/pages/_document.js
- /home/obregan/Documents/nodl/node_modules/next/dist/server/require.js
- /home/obregan/Documents/nodl/node_modules/next/dist/server/load-components.js
- /home/obregan/Documents/nodl/node_modules/next/dist/build/utils.js
- /home/obregan/Documents/nodl/node_modules/next/dist/build/swc/options.js
- /home/obregan/Documents/nodl/node_modules/next/dist/build/swc/index.js
- /home/obregan/Documents/nodl/node_modules/next/dist/build/analysis/parse-module.js
- /home/obregan/Documents/nodl/node_modules/next/dist/build/analysis/get-page-static-info.js
- /home/obregan/Documents/nodl/node_modules/next/dist/server/lib/router-utils/setup-dev-bundler.js
- /home/obregan/Documents/nodl/node_modules/next/dist/server/lib/router-server.js
- /home/obregan/Documents/nodl/node_modules/next/dist/server/lib/start-server.js
    at __webpack_require__.f.require (.next/server/webpack-runtime.js:156:28)
    at <unknown> (.next/server/webpack-runtime.js:83:40)
    at Array.reduce (<anonymous>)
    at __webpack_require__.e (.next/server/webpack-runtime.js:82:67)
    at Array.map (<anonymous>)
    at __webpack_require__.X (.next/server/webpack-runtime.js:120:22)
    at <unknown> (.next/server/app/api/nodes/route.js:1:3243)
    at Object.<anonymous> (.next/server/app/api/nodes/route.js:1:3288) {
  code: 'MODULE_NOT_FOUND',
  requireStack: [Array],
  page: '/api/nodes'
}
 GET /api/nodes 500 in 256ms
 ⨯ Error: Cannot find module './207.js'
Require stack:
- /home/obregan/Documents/nodl/apps/wnoder/.next/server/webpack-runtime.js
- /home/obregan/Documents/nodl/apps/wnoder/.next/server/pages/_document.js
- /home/obregan/Documents/nodl/node_modules/next/dist/server/require.js
- /home/obregan/Documents/nodl/node_modules/next/dist/server/load-components.js
- /home/obregan/Documents/nodl/node_modules/next/dist/build/utils.js
- /home/obregan/Documents/nodl/node_modules/next/dist/build/swc/options.js
- /home/obregan/Documents/nodl/node_modules/next/dist/build/swc/index.js
- /home/obregan/Documents/nodl/node_modules/next/dist/build/analysis/parse-module.js
- /home/obregan/Documents/nodl/node_modules/next/dist/build/analysis/get-page-static-info.js
- /home/obregan/Documents/nodl/node_modules/next/dist/server/lib/router-utils/setup-dev-bundler.js
- /home/obregan/Documents/nodl/node_modules/next/dist/server/lib/router-server.js
- /home/obregan/Documents/nodl/node_modules/next/dist/server/lib/start-server.js
    at __webpack_require__.f.require (.next/server/webpack-runtime.js:156:28)
    at <unknown> (.next/server/webpack-runtime.js:83:40)
    at Array.reduce (<anonymous>)
    at __webpack_require__.e (.next/server/webpack-runtime.js:82:67)
    at Array.map (<anonymous>)
    at __webpack_require__.X (.next/server/webpack-runtime.js:120:22)
    at <unknown> (.next/server/app/api/nodes/route.js:1:3243)
    at Object.<anonymous> (.next/server/app/api/nodes/route.js:1:3288) {
  code: 'MODULE_NOT_FOUND',
  requireStack: [Array],
  page: '/api/nodes'
}
 GET /api/nodes 500 in 258ms
 ⨯ Error: Cannot find module './207.js'
Require stack:
- /home/obregan/Documents/nodl/apps/wnoder/.next/server/webpack-runtime.js
- /home/obregan/Documents/nodl/apps/wnoder/.next/server/pages/_document.js
- /home/obregan/Documents/nodl/node_modules/next/dist/server/require.js
- /home/obregan/Documents/nodl/node_modules/next/dist/server/load-components.js
- /home/obregan/Documents/nodl/node_modules/next/dist/build/utils.js
- /home/obregan/Documents/nodl/node_modules/next/dist/build/swc/options.js
- /home/obregan/Documents/nodl/node_modules/next/dist/build/swc/index.js
- /home/obregan/Documents/nodl/node_modules/next/dist/build/analysis/parse-module.js
- /home/obregan/Documents/nodl/node_modules/next/dist/build/analysis/get-page-static-info.js
- /home/obregan/Documents/nodl/node_modules/next/dist/server/lib/router-utils/setup-dev-bundler.js
- /home/obregan/Documents/nodl/node_modules/next/dist/server/lib/router-server.js
- /home/obregan/Documents/nodl/node_modules/next/dist/server/lib/start-server.js
    at __webpack_require__.f.require (.next/server/webpack-runtime.js:156:28)
    at <unknown> (.next/server/webpack-runtime.js:83:40)
    at Array.reduce (<anonymous>)
    at __webpack_require__.e (.next/server/webpack-runtime.js:82:67)
    at Array.map (<anonymous>)
    at __webpack_require__.X (.next/server/webpack-runtime.js:120:22)
    at <unknown> (.next/server/app/api/nodes/route.js:1:3243)
    at Object.<anonymous> (.next/server/app/api/nodes/route.js:1:3288) {
  code: 'MODULE_NOT_FOUND',
  requireStack: [Array],
  page: '/api/nodes'
}
 GET /api/nodes 500 in 259ms
 ⨯ Error: Cannot find module './207.js'
Require stack:
- /home/obregan/Documents/nodl/apps/wnoder/.next/server/webpack-runtime.js
- /home/obregan/Documents/nodl/apps/wnoder/.next/server/pages/_document.js
- /home/obregan/Documents/nodl/node_modules/next/dist/server/require.js
- /home/obregan/Documents/nodl/node_modules/next/dist/server/load-components.js
- /home/obregan/Documents/nodl/node_modules/next/dist/build/utils.js
- /home/obregan/Documents/nodl/node_modules/next/dist/build/swc/options.js
- /home/obregan/Documents/nodl/node_modules/next/dist/build/swc/index.js
- /home/obregan/Documents/nodl/node_modules/next/dist/build/analysis/parse-module.js
- /home/obregan/Documents/nodl/node_modules/next/dist/build/analysis/get-page-static-info.js
- /home/obregan/Documents/nodl/node_modules/next/dist/server/lib/router-utils/setup-dev-bundler.js
- /home/obregan/Documents/nodl/node_modules/next/dist/server/lib/router-server.js
- /home/obregan/Documents/nodl/node_modules/next/dist/server/lib/start-server.js
    at __webpack_require__.f.require (.next/server/webpack-runtime.js:156:28)
    at <unknown> (.next/server/webpack-runtime.js:83:40)
    at Array.reduce (<anonymous>)
    at __webpack_require__.e (.next/server/webpack-runtime.js:82:67)
    at Array.map (<anonymous>)
    at __webpack_require__.X (.next/server/webpack-runtime.js:120:22)
    at <unknown> (.next/server/app/api/nodes/route.js:1:3243)
    at Object.<anonymous> (.next/server/app/api/nodes/route.js:1:3288) {
  code: 'MODULE_NOT_FOUND',
  requireStack: [Array],
  page: '/api/nodes'
}
 GET /api/nodes 500 in 260ms
 ⨯ Error: Cannot find module './207.js'
Require stack:
- /home/obregan/Documents/nodl/apps/wnoder/.next/server/webpack-runtime.js
- /home/obregan/Documents/nodl/apps/wnoder/.next/server/pages/_document.js
- /home/obregan/Documents/nodl/node_modules/next/dist/server/require.js
- /home/obregan/Documents/nodl/node_modules/next/dist/server/load-components.js
- /home/obregan/Documents/nodl/node_modules/next/dist/build/utils.js
- /home/obregan/Documents/nodl/node_modules/next/dist/build/swc/options.js
- /home/obregan/Documents/nodl/node_modules/next/dist/build/swc/index.js
- /home/obregan/Documents/nodl/node_modules/next/dist/build/analysis/parse-module.js
- /home/obregan/Documents/nodl/node_modules/next/dist/build/analysis/get-page-static-info.js
- /home/obregan/Documents/nodl/node_modules/next/dist/server/lib/router-utils/setup-dev-bundler.js
- /home/obregan/Documents/nodl/node_modules/next/dist/server/lib/router-server.js
- /home/obregan/Documents/nodl/node_modules/next/dist/server/lib/start-server.js
    at __webpack_require__.f.require (.next/server/webpack-runtime.js:156:28)
    at <unknown> (.next/server/webpack-runtime.js:83:40)
    at Array.reduce (<anonymous>)
    at __webpack_require__.e (.next/server/webpack-runtime.js:82:67)
    at Array.map (<anonymous>)
    at __webpack_require__.X (.next/server/webpack-runtime.js:120:22)
    at <unknown> (.next/server/app/api/nodes/route.js:1:3243)
    at Object.<anonymous> (.next/server/app/api/nodes/route.js:1:3288) {
  code: 'MODULE_NOT_FOUND',
  requireStack: [Array],
  page: '/api/nodes'
}
 GET /api/nodes 500 in 318ms
 ⨯ Error: Cannot find module './207.js'
Require stack:
- /home/obregan/Documents/nodl/apps/wnoder/.next/server/webpack-runtime.js
- /home/obregan/Documents/nodl/apps/wnoder/.next/server/pages/_document.js
- /home/obregan/Documents/nodl/node_modules/next/dist/server/require.js
- /home/obregan/Documents/nodl/node_modules/next/dist/server/load-components.js
- /home/obregan/Documents/nodl/node_modules/next/dist/build/utils.js
- /home/obregan/Documents/nodl/node_modules/next/dist/build/swc/options.js
- /home/obregan/Documents/nodl/node_modules/next/dist/build/swc/index.js
- /home/obregan/Documents/nodl/node_modules/next/dist/build/analysis/parse-module.js
- /home/obregan/Documents/nodl/node_modules/next/dist/build/analysis/get-page-static-info.js
- /home/obregan/Documents/nodl/node_modules/next/dist/server/lib/router-utils/setup-dev-bundler.js
- /home/obregan/Documents/nodl/node_modules/next/dist/server/lib/router-server.js
- /home/obregan/Documents/nodl/node_modules/next/dist/server/lib/start-server.js
    at __webpack_require__.f.require (.next/server/webpack-runtime.js:156:28)
    at <unknown> (.next/server/webpack-runtime.js:83:40)
    at Array.reduce (<anonymous>)
    at __webpack_require__.e (.next/server/webpack-runtime.js:82:67)
    at Array.map (<anonymous>)
    at __webpack_require__.X (.next/server/webpack-runtime.js:120:22)
    at <unknown> (.next/server/app/api/nodes/route.js:1:3243)
    at Object.<anonymous> (.next/server/app/api/nodes/route.js:1:3288) {
  code: 'MODULE_NOT_FOUND',
  requireStack: [Array],
  page: '/api/nodes'
}
 GET /api/nodes 500 in 275ms
 ⨯ Error: Cannot find module './207.js'
Require stack:
- /home/obregan/Documents/nodl/apps/wnoder/.next/server/webpack-runtime.js
- /home/obregan/Documents/nodl/apps/wnoder/.next/server/pages/_document.js
- /home/obregan/Documents/nodl/node_modules/next/dist/server/require.js
- /home/obregan/Documents/nodl/node_modules/next/dist/server/load-components.js
- /home/obregan/Documents/nodl/node_modules/next/dist/build/utils.js
- /home/obregan/Documents/nodl/node_modules/next/dist/build/swc/options.js
- /home/obregan/Documents/nodl/node_modules/next/dist/build/swc/index.js
- /home/obregan/Documents/nodl/node_modules/next/dist/build/analysis/parse-module.js
- /home/obregan/Documents/nodl/node_modules/next/dist/build/analysis/get-page-static-info.js
- /home/obregan/Documents/nodl/node_modules/next/dist/server/lib/router-utils/setup-dev-bundler.js
- /home/obregan/Documents/nodl/node_modules/next/dist/server/lib/router-server.js
- /home/obregan/Documents/nodl/node_modules/next/dist/server/lib/start-server.js
    at __webpack_require__.f.require (.next/server/webpack-runtime.js:156:28)
    at <unknown> (.next/server/webpack-runtime.js:83:40)
    at Array.reduce (<anonymous>)
    at __webpack_require__.e (.next/server/webpack-runtime.js:82:67)
    at Array.map (<anonymous>)
    at __webpack_require__.X (.next/server/webpack-runtime.js:120:22)
    at <unknown> (.next/server/app/api/nodes/route.js:1:3243)
    at Object.<anonymous> (.next/server/app/api/nodes/route.js:1:3288) {
  code: 'MODULE_NOT_FOUND',
  requireStack: [Array],
  page: '/api/nodes'
}
 GET /api/nodes 500 in 257ms
 ⨯ Error: Cannot find module './207.js'
Require stack:
- /home/obregan/Documents/nodl/apps/wnoder/.next/server/webpack-runtime.js
- /home/obregan/Documents/nodl/apps/wnoder/.next/server/pages/_document.js
- /home/obregan/Documents/nodl/node_modules/next/dist/server/require.js
- /home/obregan/Documents/nodl/node_modules/next/dist/server/load-components.js
- /home/obregan/Documents/nodl/node_modules/next/dist/build/utils.js
- /home/obregan/Documents/nodl/node_modules/next/dist/build/swc/options.js
- /home/obregan/Documents/nodl/node_modules/next/dist/build/swc/index.js
- /home/obregan/Documents/nodl/node_modules/next/dist/build/analysis/parse-module.js
- /home/obregan/Documents/nodl/node_modules/next/dist/build/analysis/get-page-static-info.js
- /home/obregan/Documents/nodl/node_modules/next/dist/server/lib/router-utils/setup-dev-bundler.js
- /home/obregan/Documents/nodl/node_modules/next/dist/server/lib/router-server.js
- /home/obregan/Documents/nodl/node_modules/next/dist/server/lib/start-server.js
    at __webpack_require__.f.require (.next/server/webpack-runtime.js:156:28)
    at <unknown> (.next/server/webpack-runtime.js:83:40)
    at Array.reduce (<anonymous>)
    at __webpack_require__.e (.next/server/webpack-runtime.js:82:67)
    at Array.map (<anonymous>)
    at __webpack_require__.X (.next/server/webpack-runtime.js:120:22)
    at <unknown> (.next/server/app/api/nodes/route.js:1:3243)
    at Object.<anonymous> (.next/server/app/api/nodes/route.js:1:3288) {
  code: 'MODULE_NOT_FOUND',
  requireStack: [Array],
  page: '/api/nodes'
}
 GET /api/nodes 500 in 357ms
 ⨯ Error: Cannot find module './207.js'
Require stack:
- /home/obregan/Documents/nodl/apps/wnoder/.next/server/webpack-runtime.js
- /home/obregan/Documents/nodl/apps/wnoder/.next/server/pages/_document.js
- /home/obregan/Documents/nodl/node_modules/next/dist/server/require.js
- /home/obregan/Documents/nodl/node_modules/next/dist/server/load-components.js
- /home/obregan/Documents/nodl/node_modules/next/dist/build/utils.js
- /home/obregan/Documents/nodl/node_modules/next/dist/build/swc/options.js
- /home/obregan/Documents/nodl/node_modules/next/dist/build/swc/index.js
- /home/obregan/Documents/nodl/node_modules/next/dist/build/analysis/parse-module.js
- /home/obregan/Documents/nodl/node_modules/next/dist/build/analysis/get-page-static-info.js
- /home/obregan/Documents/nodl/node_modules/next/dist/server/lib/router-utils/setup-dev-bundler.js
- /home/obregan/Documents/nodl/node_modules/next/dist/server/lib/router-server.js
- /home/obregan/Documents/nodl/node_modules/next/dist/server/lib/start-server.js
    at __webpack_require__.f.require (.next/server/webpack-runtime.js:156:28)
    at <unknown> (.next/server/webpack-runtime.js:83:40)
    at Array.reduce (<anonymous>)
    at __webpack_require__.e (.next/server/webpack-runtime.js:82:67)
    at Array.map (<anonymous>)
    at __webpack_require__.X (.next/server/webpack-runtime.js:120:22)
    at <unknown> (.next/server/app/api/nodes/route.js:1:3243)
    at Object.<anonymous> (.next/server/app/api/nodes/route.js:1:3288) {
  code: 'MODULE_NOT_FOUND',
  requireStack: [Array],
  page: '/api/nodes'
}
 GET /api/nodes 500 in 272ms
 ⨯ Error: Cannot find module './207.js'
Require stack:
- /home/obregan/Documents/nodl/apps/wnoder/.next/server/webpack-runtime.js
- /home/obregan/Documents/nodl/apps/wnoder/.next/server/pages/_document.js
- /home/obregan/Documents/nodl/node_modules/next/dist/server/require.js
- /home/obregan/Documents/nodl/node_modules/next/dist/server/load-components.js
- /home/obregan/Documents/nodl/node_modules/next/dist/build/utils.js
- /home/obregan/Documents/nodl/node_modules/next/dist/build/swc/options.js
- /home/obregan/Documents/nodl/node_modules/next/dist/build/swc/index.js
- /home/obregan/Documents/nodl/node_modules/next/dist/build/analysis/parse-module.js
- /home/obregan/Documents/nodl/node_modules/next/dist/build/analysis/get-page-static-info.js
- /home/obregan/Documents/nodl/node_modules/next/dist/server/lib/router-utils/setup-dev-bundler.js
- /home/obregan/Documents/nodl/node_modules/next/dist/server/lib/router-server.js
- /home/obregan/Documents/nodl/node_modules/next/dist/server/lib/start-server.js
    at __webpack_require__.f.require (.next/server/webpack-runtime.js:156:28)
    at <unknown> (.next/server/webpack-runtime.js:83:40)
    at Array.reduce (<anonymous>)
    at __webpack_require__.e (.next/server/webpack-runtime.js:82:67)
    at Array.map (<anonymous>)
    at __webpack_require__.X (.next/server/webpack-runtime.js:120:22)
    at <unknown> (.next/server/app/api/nodes/route.js:1:3243)
    at Object.<anonymous> (.next/server/app/api/nodes/route.js:1:3288) {
  code: 'MODULE_NOT_FOUND',
  requireStack: [Array],
  page: '/api/nodes'
}
 GET /api/nodes 500 in 266ms
 ⨯ Error: Cannot find module './207.js'
Require stack:
- /home/obregan/Documents/nodl/apps/wnoder/.next/server/webpack-runtime.js
- /home/obregan/Documents/nodl/apps/wnoder/.next/server/pages/_document.js
- /home/obregan/Documents/nodl/node_modules/next/dist/server/require.js
- /home/obregan/Documents/nodl/node_modules/next/dist/server/load-components.js
- /home/obregan/Documents/nodl/node_modules/next/dist/build/utils.js
- /home/obregan/Documents/nodl/node_modules/next/dist/build/swc/options.js
- /home/obregan/Documents/nodl/node_modules/next/dist/build/swc/index.js
- /home/obregan/Documents/nodl/node_modules/next/dist/build/analysis/parse-module.js
- /home/obregan/Documents/nodl/node_modules/next/dist/build/analysis/get-page-static-info.js
- /home/obregan/Documents/nodl/node_modules/next/dist/server/lib/router-utils/setup-dev-bundler.js
- /home/obregan/Documents/nodl/node_modules/next/dist/server/lib/router-server.js
- /home/obregan/Documents/nodl/node_modules/next/dist/server/lib/start-server.js
    at __webpack_require__.f.require (.next/server/webpack-runtime.js:156:28)
    at <unknown> (.next/server/webpack-runtime.js:83:40)
    at Array.reduce (<anonymous>)
    at __webpack_require__.e (.next/server/webpack-runtime.js:82:67)
    at Array.map (<anonymous>)
    at __webpack_require__.X (.next/server/webpack-runtime.js:120:22)
    at <unknown> (.next/server/app/api/nodes/route.js:1:3243)
    at Object.<anonymous> (.next/server/app/api/nodes/route.js:1:3288) {
  code: 'MODULE_NOT_FOUND',
  requireStack: [Array],
  page: '/api/nodes'
}
 GET /api/nodes 500 in 295ms
 ⨯ Error: Cannot find module './207.js'
Require stack:
- /home/obregan/Documents/nodl/apps/wnoder/.next/server/webpack-runtime.js
- /home/obregan/Documents/nodl/apps/wnoder/.next/server/pages/_document.js
- /home/obregan/Documents/nodl/node_modules/next/dist/server/require.js
- /home/obregan/Documents/nodl/node_modules/next/dist/server/load-components.js
- /home/obregan/Documents/nodl/node_modules/next/dist/build/utils.js
- /home/obregan/Documents/nodl/node_modules/next/dist/build/swc/options.js
- /home/obregan/Documents/nodl/node_modules/next/dist/build/swc/index.js
- /home/obregan/Documents/nodl/node_modules/next/dist/build/analysis/parse-module.js
- /home/obregan/Documents/nodl/node_modules/next/dist/build/analysis/get-page-static-info.js
- /home/obregan/Documents/nodl/node_modules/next/dist/server/lib/router-utils/setup-dev-bundler.js
- /home/obregan/Documents/nodl/node_modules/next/dist/server/lib/router-server.js
- /home/obregan/Documents/nodl/node_modules/next/dist/server/lib/start-server.js
    at __webpack_require__.f.require (.next/server/webpack-runtime.js:156:28)
    at <unknown> (.next/server/webpack-runtime.js:83:40)
    at Array.reduce (<anonymous>)
    at __webpack_require__.e (.next/server/webpack-runtime.js:82:67)
    at Array.map (<anonymous>)
    at __webpack_require__.X (.next/server/webpack-runtime.js:120:22)
    at <unknown> (.next/server/app/api/nodes/route.js:1:3243)
    at Object.<anonymous> (.next/server/app/api/nodes/route.js:1:3288) {
  code: 'MODULE_NOT_FOUND',
  requireStack: [Array],
  page: '/api/nodes'
}
 GET /api/nodes 500 in 329ms
 ○ Compiling /login ...
 ✓ Compiled /login in 2.3s (2433 modules)
 GET /login 200 in 3093ms
 ○ Compiling /_not-found ...
 ✓ Compiled /_not-found in 972ms (2437 modules)
 GET /_next/static/css/app/layout.css?v=1777161287899 404 in 1153ms
 GET /_next/static/chunks/main-app.js?v=1777161287899 404 in 97ms
 GET /_next/static/chunks/app-pages-internals.js 404 in 85ms
 GET /_next/static/chunks/app/layout.js 404 in 40ms
 ○ Compiling /api/nodes ...
 ✓ Compiled /api/nodes in 542ms (127 modules)
 ⨯ Error: Cannot find module './207.js'
Require stack:
- /home/obregan/Documents/nodl/apps/wnoder/.next/server/webpack-runtime.js
- /home/obregan/Documents/nodl/apps/wnoder/.next/server/app/api/nodes/route.js
- /home/obregan/Documents/nodl/node_modules/next/dist/server/require.js
- /home/obregan/Documents/nodl/node_modules/next/dist/server/load-components.js
- /home/obregan/Documents/nodl/node_modules/next/dist/build/utils.js
- /home/obregan/Documents/nodl/node_modules/next/dist/build/swc/options.js
- /home/obregan/Documents/nodl/node_modules/next/dist/build/swc/index.js
- /home/obregan/Documents/nodl/node_modules/next/dist/build/analysis/parse-module.js
- /home/obregan/Documents/nodl/node_modules/next/dist/build/analysis/get-page-static-info.js
- /home/obregan/Documents/nodl/node_modules/next/dist/server/lib/router-utils/setup-dev-bundler.js
- /home/obregan/Documents/nodl/node_modules/next/dist/server/lib/router-server.js
- /home/obregan/Documents/nodl/node_modules/next/dist/server/lib/start-server.js
    at __webpack_require__.f.require (.next/server/webpack-runtime.js:156:28)
    at <unknown> (.next/server/webpack-runtime.js:83:40)
    at Array.reduce (<anonymous>)
    at __webpack_require__.e (.next/server/webpack-runtime.js:82:67)
    at Array.map (<anonymous>)
    at __webpack_require__.X (.next/server/webpack-runtime.js:120:22)
    at <unknown> (.next/server/app/api/nodes/route.js:1:3243)
    at Object.<anonymous> (.next/server/app/api/nodes/route.js:1:3288) {
  code: 'MODULE_NOT_FOUND',
  requireStack: [Array],
  page: '/api/nodes'
}
 ○ Compiling /_error ...
 ✓ Compiled /_error in 548ms (1393 modules)
 GET /api/nodes 500 in 1461ms
 ⨯ Error: Cannot find module './207.js'
Require stack:
- /home/obregan/Documents/nodl/apps/wnoder/.next/server/webpack-runtime.js
- /home/obregan/Documents/nodl/apps/wnoder/.next/server/pages/_document.js
- /home/obregan/Documents/nodl/node_modules/next/dist/server/require.js
- /home/obregan/Documents/nodl/node_modules/next/dist/server/load-components.js
- /home/obregan/Documents/nodl/node_modules/next/dist/build/utils.js
- /home/obregan/Documents/nodl/node_modules/next/dist/build/swc/options.js
- /home/obregan/Documents/nodl/node_modules/next/dist/build/swc/index.js
- /home/obregan/Documents/nodl/node_modules/next/dist/build/analysis/parse-module.js
- /home/obregan/Documents/nodl/node_modules/next/dist/build/analysis/get-page-static-info.js
- /home/obregan/Documents/nodl/node_modules/next/dist/server/lib/router-utils/setup-dev-bundler.js
- /home/obregan/Documents/nodl/node_modules/next/dist/server/lib/router-server.js
- /home/obregan/Documents/nodl/node_modules/next/dist/server/lib/start-server.js
    at __webpack_require__.f.require (.next/server/webpack-runtime.js:156:28)
    at <unknown> (.next/server/webpack-runtime.js:83:40)
    at Array.reduce (<anonymous>)
    at __webpack_require__.e (.next/server/webpack-runtime.js:82:67)
    at Array.map (<anonymous>)
    at __webpack_require__.X (.next/server/webpack-runtime.js:120:22)
    at <unknown> (.next/server/app/api/nodes/route.js:1:3243)
    at Object.<anonymous> (.next/server/app/api/nodes/route.js:1:3288) {
  code: 'MODULE_NOT_FOUND',
  requireStack: [Array],
  page: '/api/nodes'
}
 GET /api/nodes 500 in 318ms
 ⨯ Error: Cannot find module './207.js'
Require stack:
- /home/obregan/Documents/nodl/apps/wnoder/.next/server/webpack-runtime.js
- /home/obregan/Documents/nodl/apps/wnoder/.next/server/pages/_document.js
- /home/obregan/Documents/nodl/node_modules/next/dist/server/require.js
- /home/obregan/Documents/nodl/node_modules/next/dist/server/load-components.js
- /home/obregan/Documents/nodl/node_modules/next/dist/build/utils.js
- /home/obregan/Documents/nodl/node_modules/next/dist/build/swc/options.js
- /home/obregan/Documents/nodl/node_modules/next/dist/build/swc/index.js
- /home/obregan/Documents/nodl/node_modules/next/dist/build/analysis/parse-module.js
- /home/obregan/Documents/nodl/node_modules/next/dist/build/analysis/get-page-static-info.js
- /home/obregan/Documents/nodl/node_modules/next/dist/server/lib/router-utils/setup-dev-bundler.js
- /home/obregan/Documents/nodl/node_modules/next/dist/server/lib/router-server.js
- /home/obregan/Documents/nodl/node_modules/next/dist/server/lib/start-server.js
    at __webpack_require__.f.require (.next/server/webpack-runtime.js:156:28)
    at <unknown> (.next/server/webpack-runtime.js:83:40)
    at Array.reduce (<anonymous>)
    at __webpack_require__.e (.next/server/webpack-runtime.js:82:67)
    at Array.map (<anonymous>)
    at __webpack_require__.X (.next/server/webpack-runtime.js:120:22)
    at <unknown> (.next/server/app/api/nodes/route.js:1:3243)
    at Object.<anonymous> (.next/server/app/api/nodes/route.js:1:3288) {
  code: 'MODULE_NOT_FOUND',
  requireStack: [Array],
  page: '/api/nodes'
}
 GET /api/nodes 500 in 372ms
 ⨯ Error: Cannot find module './207.js'
Require stack:
- /home/obregan/Documents/nodl/apps/wnoder/.next/server/webpack-runtime.js
- /home/obregan/Documents/nodl/apps/wnoder/.next/server/pages/_document.js
- /home/obregan/Documents/nodl/node_modules/next/dist/server/require.js
- /home/obregan/Documents/nodl/node_modules/next/dist/server/load-components.js
- /home/obregan/Documents/nodl/node_modules/next/dist/build/utils.js
- /home/obregan/Documents/nodl/node_modules/next/dist/build/swc/options.js
- /home/obregan/Documents/nodl/node_modules/next/dist/build/swc/index.js
- /home/obregan/Documents/nodl/node_modules/next/dist/build/analysis/parse-module.js
- /home/obregan/Documents/nodl/node_modules/next/dist/build/analysis/get-page-static-info.js
- /home/obregan/Documents/nodl/node_modules/next/dist/server/lib/router-utils/setup-dev-bundler.js
- /home/obregan/Documents/nodl/node_modules/next/dist/server/lib/router-server.js
- /home/obregan/Documents/nodl/node_modules/next/dist/server/lib/start-server.js
    at __webpack_require__.f.require (.next/server/webpack-runtime.js:156:28)
    at <unknown> (.next/server/webpack-runtime.js:83:40)
    at Array.reduce (<anonymous>)
    at __webpack_require__.e (.next/server/webpack-runtime.js:82:67)
    at Array.map (<anonymous>)
    at __webpack_require__.X (.next/server/webpack-runtime.js:120:22)
    at <unknown> (.next/server/app/api/nodes/route.js:1:3243)
    at Object.<anonymous> (.next/server/app/api/nodes/route.js:1:3288) {
  code: 'MODULE_NOT_FOUND',
  requireStack: [Array],
  page: '/api/nodes'
}
 GET /api/nodes 500 in 318ms
 ⨯ Error: Cannot find module './207.js'
Require stack:
- /home/obregan/Documents/nodl/apps/wnoder/.next/server/webpack-runtime.js
- /home/obregan/Documents/nodl/apps/wnoder/.next/server/pages/_document.js
- /home/obregan/Documents/nodl/node_modules/next/dist/server/require.js
- /home/obregan/Documents/nodl/node_modules/next/dist/server/load-components.js
- /home/obregan/Documents/nodl/node_modules/next/dist/build/utils.js
- /home/obregan/Documents/nodl/node_modules/next/dist/build/swc/options.js
- /home/obregan/Documents/nodl/node_modules/next/dist/build/swc/index.js
- /home/obregan/Documents/nodl/node_modules/next/dist/build/analysis/parse-module.js
- /home/obregan/Documents/nodl/node_modules/next/dist/build/analysis/get-page-static-info.js
- /home/obregan/Documents/nodl/node_modules/next/dist/server/lib/router-utils/setup-dev-bundler.js
- /home/obregan/Documents/nodl/node_modules/next/dist/server/lib/router-server.js
- /home/obregan/Documents/nodl/node_modules/next/dist/server/lib/start-server.js
    at __webpack_require__.f.require (.next/server/webpack-runtime.js:156:28)
    at <unknown> (.next/server/webpack-runtime.js:83:40)
    at Array.reduce (<anonymous>)
    at __webpack_require__.e (.next/server/webpack-runtime.js:82:67)
    at Array.map (<anonymous>)
    at __webpack_require__.X (.next/server/webpack-runtime.js:120:22)
    at <unknown> (.next/server/app/api/nodes/route.js:1:3243)
    at Object.<anonymous> (.next/server/app/api/nodes/route.js:1:3288) {
  code: 'MODULE_NOT_FOUND',
  requireStack: [Array],
  page: '/api/nodes'
}
 GET /api/nodes 500 in 524ms
 ⨯ Error: Cannot find module './207.js'
Require stack:
- /home/obregan/Documents/nodl/apps/wnoder/.next/server/webpack-runtime.js
- /home/obregan/Documents/nodl/apps/wnoder/.next/server/pages/_document.js
- /home/obregan/Documents/nodl/node_modules/next/dist/server/require.js
- /home/obregan/Documents/nodl/node_modules/next/dist/server/load-components.js
- /home/obregan/Documents/nodl/node_modules/next/dist/build/utils.js
- /home/obregan/Documents/nodl/node_modules/next/dist/build/swc/options.js
- /home/obregan/Documents/nodl/node_modules/next/dist/build/swc/index.js
- /home/obregan/Documents/nodl/node_modules/next/dist/build/analysis/parse-module.js
- /home/obregan/Documents/nodl/node_modules/next/dist/build/analysis/get-page-static-info.js
- /home/obregan/Documents/nodl/node_modules/next/dist/server/lib/router-utils/setup-dev-bundler.js
- /home/obregan/Documents/nodl/node_modules/next/dist/server/lib/router-server.js
- /home/obregan/Documents/nodl/node_modules/next/dist/server/lib/start-server.js
    at __webpack_require__.f.require (.next/server/webpack-runtime.js:156:28)
    at <unknown> (.next/server/webpack-runtime.js:83:40)
    at Array.reduce (<anonymous>)
    at __webpack_require__.e (.next/server/webpack-runtime.js:82:67)
    at Array.map (<anonymous>)
    at __webpack_require__.X (.next/server/webpack-runtime.js:120:22)
    at <unknown> (.next/server/app/api/nodes/route.js:1:3243)
    at Object.<anonymous> (.next/server/app/api/nodes/route.js:1:3288) {
  code: 'MODULE_NOT_FOUND',
  requireStack: [Array],
  page: '/api/nodes'
}
 GET /api/nodes 500 in 271ms
 ⨯ Error: Cannot find module './207.js'
Require stack:
- /home/obregan/Documents/nodl/apps/wnoder/.next/server/webpack-runtime.js
- /home/obregan/Documents/nodl/apps/wnoder/.next/server/pages/_document.js
- /home/obregan/Documents/nodl/node_modules/next/dist/server/require.js
- /home/obregan/Documents/nodl/node_modules/next/dist/server/load-components.js
- /home/obregan/Documents/nodl/node_modules/next/dist/build/utils.js
- /home/obregan/Documents/nodl/node_modules/next/dist/build/swc/options.js
- /home/obregan/Documents/nodl/node_modules/next/dist/build/swc/index.js
- /home/obregan/Documents/nodl/node_modules/next/dist/build/analysis/parse-module.js
- /home/obregan/Documents/nodl/node_modules/next/dist/build/analysis/get-page-static-info.js
- /home/obregan/Documents/nodl/node_modules/next/dist/server/lib/router-utils/setup-dev-bundler.js
- /home/obregan/Documents/nodl/node_modules/next/dist/server/lib/router-server.js
- /home/obregan/Documents/nodl/node_modules/next/dist/server/lib/start-server.js
    at __webpack_require__.f.require (.next/server/webpack-runtime.js:156:28)
    at <unknown> (.next/server/webpack-runtime.js:83:40)
    at Array.reduce (<anonymous>)
    at __webpack_require__.e (.next/server/webpack-runtime.js:82:67)
    at Array.map (<anonymous>)
    at __webpack_require__.X (.next/server/webpack-runtime.js:120:22)
    at <unknown> (.next/server/app/api/nodes/route.js:1:3243)
    at Object.<anonymous> (.next/server/app/api/nodes/route.js:1:3288) {
  code: 'MODULE_NOT_FOUND',
  requireStack: [Array],
  page: '/api/nodes'
}
 GET /api/nodes 500 in 272ms
 ⨯ Error: Cannot find module './207.js'
Require stack:
- /home/obregan/Documents/nodl/apps/wnoder/.next/server/webpack-runtime.js
- /home/obregan/Documents/nodl/apps/wnoder/.next/server/pages/_document.js
- /home/obregan/Documents/nodl/node_modules/next/dist/server/require.js
- /home/obregan/Documents/nodl/node_modules/next/dist/server/load-components.js
- /home/obregan/Documents/nodl/node_modules/next/dist/build/utils.js
- /home/obregan/Documents/nodl/node_modules/next/dist/build/swc/options.js
- /home/obregan/Documents/nodl/node_modules/next/dist/build/swc/index.js
- /home/obregan/Documents/nodl/node_modules/next/dist/build/analysis/parse-module.js
- /home/obregan/Documents/nodl/node_modules/next/dist/build/analysis/get-page-static-info.js
- /home/obregan/Documents/nodl/node_modules/next/dist/server/lib/router-utils/setup-dev-bundler.js
- /home/obregan/Documents/nodl/node_modules/next/dist/server/lib/router-server.js
- /home/obregan/Documents/nodl/node_modules/next/dist/server/lib/start-server.js
    at __webpack_require__.f.require (.next/server/webpack-runtime.js:156:28)
    at <unknown> (.next/server/webpack-runtime.js:83:40)
    at Array.reduce (<anonymous>)
    at __webpack_require__.e (.next/server/webpack-runtime.js:82:67)
    at Array.map (<anonymous>)
    at __webpack_require__.X (.next/server/webpack-runtime.js:120:22)
    at <unknown> (.next/server/app/api/nodes/route.js:1:3243)
    at Object.<anonymous> (.next/server/app/api/nodes/route.js:1:3288) {
  code: 'MODULE_NOT_FOUND',
  requireStack: [Array],
  page: '/api/nodes'
}
 GET /api/nodes 500 in 267ms
 ⨯ Error: Cannot find module './207.js'
Require stack:
- /home/obregan/Documents/nodl/apps/wnoder/.next/server/webpack-runtime.js
- /home/obregan/Documents/nodl/apps/wnoder/.next/server/pages/_document.js
- /home/obregan/Documents/nodl/node_modules/next/dist/server/require.js
- /home/obregan/Documents/nodl/node_modules/next/dist/server/load-components.js
- /home/obregan/Documents/nodl/node_modules/next/dist/build/utils.js
- /home/obregan/Documents/nodl/node_modules/next/dist/build/swc/options.js
- /home/obregan/Documents/nodl/node_modules/next/dist/build/swc/index.js
- /home/obregan/Documents/nodl/node_modules/next/dist/build/analysis/parse-module.js
- /home/obregan/Documents/nodl/node_modules/next/dist/build/analysis/get-page-static-info.js
- /home/obregan/Documents/nodl/node_modules/next/dist/server/lib/router-utils/setup-dev-bundler.js
- /home/obregan/Documents/nodl/node_modules/next/dist/server/lib/router-server.js
- /home/obregan/Documents/nodl/node_modules/next/dist/server/lib/start-server.js
    at __webpack_require__.f.require (.next/server/webpack-runtime.js:156:28)
    at <unknown> (.next/server/webpack-runtime.js:83:40)
    at Array.reduce (<anonymous>)
    at __webpack_require__.e (.next/server/webpack-runtime.js:82:67)
    at Array.map (<anonymous>)
    at __webpack_require__.X (.next/server/webpack-runtime.js:120:22)
    at <unknown> (.next/server/app/api/nodes/route.js:1:3243)
    at Object.<anonymous> (.next/server/app/api/nodes/route.js:1:3288) {
  code: 'MODULE_NOT_FOUND',
  requireStack: [Array],
  page: '/api/nodes'
}
 GET /api/nodes 500 in 266ms
 ⨯ Error: Cannot find module './207.js'
Require stack:
- /home/obregan/Documents/nodl/apps/wnoder/.next/server/webpack-runtime.js
- /home/obregan/Documents/nodl/apps/wnoder/.next/server/pages/_document.js
- /home/obregan/Documents/nodl/node_modules/next/dist/server/require.js
- /home/obregan/Documents/nodl/node_modules/next/dist/server/load-components.js
- /home/obregan/Documents/nodl/node_modules/next/dist/build/utils.js
- /home/obregan/Documents/nodl/node_modules/next/dist/build/swc/options.js
- /home/obregan/Documents/nodl/node_modules/next/dist/build/swc/index.js
- /home/obregan/Documents/nodl/node_modules/next/dist/build/analysis/parse-module.js
- /home/obregan/Documents/nodl/node_modules/next/dist/build/analysis/get-page-static-info.js
- /home/obregan/Documents/nodl/node_modules/next/dist/server/lib/router-utils/setup-dev-bundler.js
- /home/obregan/Documents/nodl/node_modules/next/dist/server/lib/router-server.js
- /home/obregan/Documents/nodl/node_modules/next/dist/server/lib/start-server.js
    at __webpack_require__.f.require (.next/server/webpack-runtime.js:156:28)
    at <unknown> (.next/server/webpack-runtime.js:83:40)
    at Array.reduce (<anonymous>)
    at __webpack_require__.e (.next/server/webpack-runtime.js:82:67)
    at Array.map (<anonymous>)
    at __webpack_require__.X (.next/server/webpack-runtime.js:120:22)
    at <unknown> (.next/server/app/api/nodes/route.js:1:3243)
    at Object.<anonymous> (.next/server/app/api/nodes/route.js:1:3288) {
  code: 'MODULE_NOT_FOUND',
  requireStack: [Array],
  page: '/api/nodes'
}
 GET /api/nodes 500 in 264ms
 ⨯ Error: Cannot find module './207.js'
Require stack:
- /home/obregan/Documents/nodl/apps/wnoder/.next/server/webpack-runtime.js
- /home/obregan/Documents/nodl/apps/wnoder/.next/server/pages/_document.js
- /home/obregan/Documents/nodl/node_modules/next/dist/server/require.js
- /home/obregan/Documents/nodl/node_modules/next/dist/server/load-components.js
- /home/obregan/Documents/nodl/node_modules/next/dist/build/utils.js
- /home/obregan/Documents/nodl/node_modules/next/dist/build/swc/options.js
- /home/obregan/Documents/nodl/node_modules/next/dist/build/swc/index.js
- /home/obregan/Documents/nodl/node_modules/next/dist/build/analysis/parse-module.js
- /home/obregan/Documents/nodl/node_modules/next/dist/build/analysis/get-page-static-info.js
- /home/obregan/Documents/nodl/node_modules/next/dist/server/lib/router-utils/setup-dev-bundler.js
- /home/obregan/Documents/nodl/node_modules/next/dist/server/lib/router-server.js
- /home/obregan/Documents/nodl/node_modules/next/dist/server/lib/start-server.js
    at __webpack_require__.f.require (.next/server/webpack-runtime.js:156:28)
    at <unknown> (.next/server/webpack-runtime.js:83:40)
    at Array.reduce (<anonymous>)
    at __webpack_require__.e (.next/server/webpack-runtime.js:82:67)
    at Array.map (<anonymous>)
    at __webpack_require__.X (.next/server/webpack-runtime.js:120:22)
    at <unknown> (.next/server/app/api/nodes/route.js:1:3243)
    at Object.<anonymous> (.next/server/app/api/nodes/route.js:1:3288) {
  code: 'MODULE_NOT_FOUND',
  requireStack: [Array],
  page: '/api/nodes'
}
 GET /api/nodes 500 in 287ms
 ⨯ Error: Cannot find module './207.js'
Require stack:
- /home/obregan/Documents/nodl/apps/wnoder/.next/server/webpack-runtime.js
- /home/obregan/Documents/nodl/apps/wnoder/.next/server/pages/_document.js
- /home/obregan/Documents/nodl/node_modules/next/dist/server/require.js
- /home/obregan/Documents/nodl/node_modules/next/dist/server/load-components.js
- /home/obregan/Documents/nodl/node_modules/next/dist/build/utils.js
- /home/obregan/Documents/nodl/node_modules/next/dist/build/swc/options.js
- /home/obregan/Documents/nodl/node_modules/next/dist/build/swc/index.js
- /home/obregan/Documents/nodl/node_modules/next/dist/build/analysis/parse-module.js
- /home/obregan/Documents/nodl/node_modules/next/dist/build/analysis/get-page-static-info.js
- /home/obregan/Documents/nodl/node_modules/next/dist/server/lib/router-utils/setup-dev-bundler.js
- /home/obregan/Documents/nodl/node_modules/next/dist/server/lib/router-server.js
- /home/obregan/Documents/nodl/node_modules/next/dist/server/lib/start-server.js
    at __webpack_require__.f.require (.next/server/webpack-runtime.js:156:28)
    at <unknown> (.next/server/webpack-runtime.js:83:40)
    at Array.reduce (<anonymous>)
    at __webpack_require__.e (.next/server/webpack-runtime.js:82:67)
    at Array.map (<anonymous>)
    at __webpack_require__.X (.next/server/webpack-runtime.js:120:22)
    at <unknown> (.next/server/app/api/nodes/route.js:1:3243)
    at Object.<anonymous> (.next/server/app/api/nodes/route.js:1:3288) {
  code: 'MODULE_NOT_FOUND',
  requireStack: [Array],
  page: '/api/nodes'
}
 GET /api/nodes 500 in 375ms
 ⨯ Error: Cannot find module './207.js'
Require stack:
- /home/obregan/Documents/nodl/apps/wnoder/.next/server/webpack-runtime.js
- /home/obregan/Documents/nodl/apps/wnoder/.next/server/pages/_document.js
- /home/obregan/Documents/nodl/node_modules/next/dist/server/require.js
- /home/obregan/Documents/nodl/node_modules/next/dist/server/load-components.js
- /home/obregan/Documents/nodl/node_modules/next/dist/build/utils.js
- /home/obregan/Documents/nodl/node_modules/next/dist/build/swc/options.js
- /home/obregan/Documents/nodl/node_modules/next/dist/build/swc/index.js
- /home/obregan/Documents/nodl/node_modules/next/dist/build/analysis/parse-module.js
- /home/obregan/Documents/nodl/node_modules/next/dist/build/analysis/get-page-static-info.js
- /home/obregan/Documents/nodl/node_modules/next/dist/server/lib/router-utils/setup-dev-bundler.js
- /home/obregan/Documents/nodl/node_modules/next/dist/server/lib/router-server.js
- /home/obregan/Documents/nodl/node_modules/next/dist/server/lib/start-server.js
    at __webpack_require__.f.require (.next/server/webpack-runtime.js:156:28)
    at <unknown> (.next/server/webpack-runtime.js:83:40)
    at Array.reduce (<anonymous>)
    at __webpack_require__.e (.next/server/webpack-runtime.js:82:67)
    at Array.map (<anonymous>)
    at __webpack_require__.X (.next/server/webpack-runtime.js:120:22)
    at <unknown> (.next/server/app/api/nodes/route.js:1:3243)
    at Object.<anonymous> (.next/server/app/api/nodes/route.js:1:3288) {
  code: 'MODULE_NOT_FOUND',
  requireStack: [Array],
  page: '/api/nodes'
}
 GET /api/nodes 500 in 294ms
 ⨯ Error: Cannot find module './207.js'
Require stack:
- /home/obregan/Documents/nodl/apps/wnoder/.next/server/webpack-runtime.js
- /home/obregan/Documents/nodl/apps/wnoder/.next/server/pages/_document.js
- /home/obregan/Documents/nodl/node_modules/next/dist/server/require.js
- /home/obregan/Documents/nodl/node_modules/next/dist/server/load-components.js
- /home/obregan/Documents/nodl/node_modules/next/dist/build/utils.js
- /home/obregan/Documents/nodl/node_modules/next/dist/build/swc/options.js
- /home/obregan/Documents/nodl/node_modules/next/dist/build/swc/index.js
- /home/obregan/Documents/nodl/node_modules/next/dist/build/analysis/parse-module.js
- /home/obregan/Documents/nodl/node_modules/next/dist/build/analysis/get-page-static-info.js
- /home/obregan/Documents/nodl/node_modules/next/dist/server/lib/router-utils/setup-dev-bundler.js
- /home/obregan/Documents/nodl/node_modules/next/dist/server/lib/router-server.js
- /home/obregan/Documents/nodl/node_modules/next/dist/server/lib/start-server.js
    at __webpack_require__.f.require (.next/server/webpack-runtime.js:156:28)
    at <unknown> (.next/server/webpack-runtime.js:83:40)
    at Array.reduce (<anonymous>)
    at __webpack_require__.e (.next/server/webpack-runtime.js:82:67)
    at Array.map (<anonymous>)
    at __webpack_require__.X (.next/server/webpack-runtime.js:120:22)
    at <unknown> (.next/server/app/api/nodes/route.js:1:3243)
    at Object.<anonymous> (.next/server/app/api/nodes/route.js:1:3288) {
  code: 'MODULE_NOT_FOUND',
  requireStack: [Array],
  page: '/api/nodes'
}
 GET /api/nodes 500 in 282ms
 ⨯ Error: Cannot find module './207.js'
Require stack:
- /home/obregan/Documents/nodl/apps/wnoder/.next/server/webpack-runtime.js
- /home/obregan/Documents/nodl/apps/wnoder/.next/server/pages/_document.js
- /home/obregan/Documents/nodl/node_modules/next/dist/server/require.js
- /home/obregan/Documents/nodl/node_modules/next/dist/server/load-components.js
- /home/obregan/Documents/nodl/node_modules/next/dist/build/utils.js
- /home/obregan/Documents/nodl/node_modules/next/dist/build/swc/options.js
- /home/obregan/Documents/nodl/node_modules/next/dist/build/swc/index.js
- /home/obregan/Documents/nodl/node_modules/next/dist/build/analysis/parse-module.js
- /home/obregan/Documents/nodl/node_modules/next/dist/build/analysis/get-page-static-info.js
- /home/obregan/Documents/nodl/node_modules/next/dist/server/lib/router-utils/setup-dev-bundler.js
- /home/obregan/Documents/nodl/node_modules/next/dist/server/lib/router-server.js
- /home/obregan/Documents/nodl/node_modules/next/dist/server/lib/start-server.js
    at __webpack_require__.f.require (.next/server/webpack-runtime.js:156:28)
    at <unknown> (.next/server/webpack-runtime.js:83:40)
    at Array.reduce (<anonymous>)
    at __webpack_require__.e (.next/server/webpack-runtime.js:82:67)
    at Array.map (<anonymous>)
    at __webpack_require__.X (.next/server/webpack-runtime.js:120:22)
    at <unknown> (.next/server/app/api/nodes/route.js:1:3243)
    at Object.<anonymous> (.next/server/app/api/nodes/route.js:1:3288) {
  code: 'MODULE_NOT_FOUND',
  requireStack: [Array],
  page: '/api/nodes'
}
 GET /api/nodes 500 in 336ms
 ⨯ Error: Cannot find module './207.js'
Require stack:
- /home/obregan/Documents/nodl/apps/wnoder/.next/server/webpack-runtime.js
- /home/obregan/Documents/nodl/apps/wnoder/.next/server/pages/_document.js
- /home/obregan/Documents/nodl/node_modules/next/dist/server/require.js
- /home/obregan/Documents/nodl/node_modules/next/dist/server/load-components.js
- /home/obregan/Documents/nodl/node_modules/next/dist/build/utils.js
- /home/obregan/Documents/nodl/node_modules/next/dist/build/swc/options.js
- /home/obregan/Documents/nodl/node_modules/next/dist/build/swc/index.js
- /home/obregan/Documents/nodl/node_modules/next/dist/build/analysis/parse-module.js
- /home/obregan/Documents/nodl/node_modules/next/dist/build/analysis/get-page-static-info.js
- /home/obregan/Documents/nodl/node_modules/next/dist/server/lib/router-utils/setup-dev-bundler.js
- /home/obregan/Documents/nodl/node_modules/next/dist/server/lib/router-server.js
- /home/obregan/Documents/nodl/node_modules/next/dist/server/lib/start-server.js
    at __webpack_require__.f.require (.next/server/webpack-runtime.js:156:28)
    at <unknown> (.next/server/webpack-runtime.js:83:40)
    at Array.reduce (<anonymous>)
    at __webpack_require__.e (.next/server/webpack-runtime.js:82:67)
    at Array.map (<anonymous>)
    at __webpack_require__.X (.next/server/webpack-runtime.js:120:22)
    at <unknown> (.next/server/app/api/nodes/route.js:1:3243)
    at Object.<anonymous> (.next/server/app/api/nodes/route.js:1:3288) {
  code: 'MODULE_NOT_FOUND',
  requireStack: [Array],
  page: '/api/nodes'
}
 GET /api/nodes 500 in 268ms
 ⨯ Error: Cannot find module './207.js'
Require stack:
- /home/obregan/Documents/nodl/apps/wnoder/.next/server/webpack-runtime.js
- /home/obregan/Documents/nodl/apps/wnoder/.next/server/pages/_document.js
- /home/obregan/Documents/nodl/node_modules/next/dist/server/require.js
- /home/obregan/Documents/nodl/node_modules/next/dist/server/load-components.js
- /home/obregan/Documents/nodl/node_modules/next/dist/build/utils.js
- /home/obregan/Documents/nodl/node_modules/next/dist/build/swc/options.js
- /home/obregan/Documents/nodl/node_modules/next/dist/build/swc/index.js
- /home/obregan/Documents/nodl/node_modules/next/dist/build/analysis/parse-module.js
- /home/obregan/Documents/nodl/node_modules/next/dist/build/analysis/get-page-static-info.js
- /home/obregan/Documents/nodl/node_modules/next/dist/server/lib/router-utils/setup-dev-bundler.js
- /home/obregan/Documents/nodl/node_modules/next/dist/server/lib/router-server.js
- /home/obregan/Documents/nodl/node_modules/next/dist/server/lib/start-server.js
    at __webpack_require__.f.require (.next/server/webpack-runtime.js:156:28)
    at <unknown> (.next/server/webpack-runtime.js:83:40)
    at Array.reduce (<anonymous>)
    at __webpack_require__.e (.next/server/webpack-runtime.js:82:67)
    at Array.map (<anonymous>)
    at __webpack_require__.X (.next/server/webpack-runtime.js:120:22)
    at <unknown> (.next/server/app/api/nodes/route.js:1:3243)
    at Object.<anonymous> (.next/server/app/api/nodes/route.js:1:3288) {
  code: 'MODULE_NOT_FOUND',
  requireStack: [Array],
  page: '/api/nodes'
}
 GET /api/nodes 500 in 288ms
 ⨯ Error: Cannot find module './207.js'
Require stack:
- /home/obregan/Documents/nodl/apps/wnoder/.next/server/webpack-runtime.js
- /home/obregan/Documents/nodl/apps/wnoder/.next/server/pages/_document.js
- /home/obregan/Documents/nodl/node_modules/next/dist/server/require.js
- /home/obregan/Documents/nodl/node_modules/next/dist/server/load-components.js
- /home/obregan/Documents/nodl/node_modules/next/dist/build/utils.js
- /home/obregan/Documents/nodl/node_modules/next/dist/build/swc/options.js
- /home/obregan/Documents/nodl/node_modules/next/dist/build/swc/index.js
- /home/obregan/Documents/nodl/node_modules/next/dist/build/analysis/parse-module.js
- /home/obregan/Documents/nodl/node_modules/next/dist/build/analysis/get-page-static-info.js
- /home/obregan/Documents/nodl/node_modules/next/dist/server/lib/router-utils/setup-dev-bundler.js
- /home/obregan/Documents/nodl/node_modules/next/dist/server/lib/router-server.js
- /home/obregan/Documents/nodl/node_modules/next/dist/server/lib/start-server.js
    at __webpack_require__.f.require (.next/server/webpack-runtime.js:156:28)
    at <unknown> (.next/server/webpack-runtime.js:83:40)
    at Array.reduce (<anonymous>)
    at __webpack_require__.e (.next/server/webpack-runtime.js:82:67)
    at Array.map (<anonymous>)
    at __webpack_require__.X (.next/server/webpack-runtime.js:120:22)
    at <unknown> (.next/server/app/api/nodes/route.js:1:3243)
    at Object.<anonymous> (.next/server/app/api/nodes/route.js:1:3288) {
  code: 'MODULE_NOT_FOUND',
  requireStack: [Array],
  page: '/api/nodes'
}
 GET /api/nodes 500 in 276ms
 ⨯ Error: Cannot find module './207.js'
Require stack:
- /home/obregan/Documents/nodl/apps/wnoder/.next/server/webpack-runtime.js
- /home/obregan/Documents/nodl/apps/wnoder/.next/server/pages/_document.js
- /home/obregan/Documents/nodl/node_modules/next/dist/server/require.js
- /home/obregan/Documents/nodl/node_modules/next/dist/server/load-components.js
- /home/obregan/Documents/nodl/node_modules/next/dist/build/utils.js
- /home/obregan/Documents/nodl/node_modules/next/dist/build/swc/options.js
- /home/obregan/Documents/nodl/node_modules/next/dist/build/swc/index.js
- /home/obregan/Documents/nodl/node_modules/next/dist/build/analysis/parse-module.js
- /home/obregan/Documents/nodl/node_modules/next/dist/build/analysis/get-page-static-info.js
- /home/obregan/Documents/nodl/node_modules/next/dist/server/lib/router-utils/setup-dev-bundler.js
- /home/obregan/Documents/nodl/node_modules/next/dist/server/lib/router-server.js
- /home/obregan/Documents/nodl/node_modules/next/dist/server/lib/start-server.js
    at __webpack_require__.f.require (.next/server/webpack-runtime.js:156:28)
    at <unknown> (.next/server/webpack-runtime.js:83:40)
    at Array.reduce (<anonymous>)
    at __webpack_require__.e (.next/server/webpack-runtime.js:82:67)
    at Array.map (<anonymous>)
    at __webpack_require__.X (.next/server/webpack-runtime.js:120:22)
    at <unknown> (.next/server/app/api/nodes/route.js:1:3243)
    at Object.<anonymous> (.next/server/app/api/nodes/route.js:1:3288) {
  code: 'MODULE_NOT_FOUND',
  requireStack: [Array],
  page: '/api/nodes'
}
 GET /api/nodes 500 in 267ms
 ⨯ Error: Cannot find module './207.js'
Require stack:
- /home/obregan/Documents/nodl/apps/wnoder/.next/server/webpack-runtime.js
- /home/obregan/Documents/nodl/apps/wnoder/.next/server/pages/_document.js
- /home/obregan/Documents/nodl/node_modules/next/dist/server/require.js
- /home/obregan/Documents/nodl/node_modules/next/dist/server/load-components.js
- /home/obregan/Documents/nodl/node_modules/next/dist/build/utils.js
- /home/obregan/Documents/nodl/node_modules/next/dist/build/swc/options.js
- /home/obregan/Documents/nodl/node_modules/next/dist/build/swc/index.js
- /home/obregan/Documents/nodl/node_modules/next/dist/build/analysis/parse-module.js
- /home/obregan/Documents/nodl/node_modules/next/dist/build/analysis/get-page-static-info.js
- /home/obregan/Documents/nodl/node_modules/next/dist/server/lib/router-utils/setup-dev-bundler.js
- /home/obregan/Documents/nodl/node_modules/next/dist/server/lib/router-server.js
- /home/obregan/Documents/nodl/node_modules/next/dist/server/lib/start-server.js
    at __webpack_require__.f.require (.next/server/webpack-runtime.js:156:28)
    at <unknown> (.next/server/webpack-runtime.js:83:40)
    at Array.reduce (<anonymous>)
    at __webpack_require__.e (.next/server/webpack-runtime.js:82:67)
    at Array.map (<anonymous>)
    at __webpack_require__.X (.next/server/webpack-runtime.js:120:22)
    at <unknown> (.next/server/app/api/nodes/route.js:1:3243)
    at Object.<anonymous> (.next/server/app/api/nodes/route.js:1:3288) {
  code: 'MODULE_NOT_FOUND',
  requireStack: [Array],
  page: '/api/nodes'
}
 GET /api/nodes 500 in 379ms
 ⨯ Error: Cannot find module './207.js'
Require stack:
- /home/obregan/Documents/nodl/apps/wnoder/.next/server/webpack-runtime.js
- /home/obregan/Documents/nodl/apps/wnoder/.next/server/pages/_document.js
- /home/obregan/Documents/nodl/node_modules/next/dist/server/require.js
- /home/obregan/Documents/nodl/node_modules/next/dist/server/load-components.js
- /home/obregan/Documents/nodl/node_modules/next/dist/build/utils.js
- /home/obregan/Documents/nodl/node_modules/next/dist/build/swc/options.js
- /home/obregan/Documents/nodl/node_modules/next/dist/build/swc/index.js
- /home/obregan/Documents/nodl/node_modules/next/dist/build/analysis/parse-module.js
- /home/obregan/Documents/nodl/node_modules/next/dist/build/analysis/get-page-static-info.js
- /home/obregan/Documents/nodl/node_modules/next/dist/server/lib/router-utils/setup-dev-bundler.js
- /home/obregan/Documents/nodl/node_modules/next/dist/server/lib/router-server.js
- /home/obregan/Documents/nodl/node_modules/next/dist/server/lib/start-server.js
    at __webpack_require__.f.require (.next/server/webpack-runtime.js:156:28)
    at <unknown> (.next/server/webpack-runtime.js:83:40)
    at Array.reduce (<anonymous>)
    at __webpack_require__.e (.next/server/webpack-runtime.js:82:67)
    at Array.map (<anonymous>)
    at __webpack_require__.X (.next/server/webpack-runtime.js:120:22)
    at <unknown> (.next/server/app/api/nodes/route.js:1:3243)
    at Object.<anonymous> (.next/server/app/api/nodes/route.js:1:3288) {
  code: 'MODULE_NOT_FOUND',
  requireStack: [Array],
  page: '/api/nodes'
}
 GET /api/nodes 500 in 274ms
 ⨯ Error: Cannot find module './207.js'
Require stack:
- /home/obregan/Documents/nodl/apps/wnoder/.next/server/webpack-runtime.js
- /home/obregan/Documents/nodl/apps/wnoder/.next/server/pages/_document.js
- /home/obregan/Documents/nodl/node_modules/next/dist/server/require.js
- /home/obregan/Documents/nodl/node_modules/next/dist/server/load-components.js
- /home/obregan/Documents/nodl/node_modules/next/dist/build/utils.js
- /home/obregan/Documents/nodl/node_modules/next/dist/build/swc/options.js
- /home/obregan/Documents/nodl/node_modules/next/dist/build/swc/index.js
- /home/obregan/Documents/nodl/node_modules/next/dist/build/analysis/parse-module.js
- /home/obregan/Documents/nodl/node_modules/next/dist/build/analysis/get-page-static-info.js
- /home/obregan/Documents/nodl/node_modules/next/dist/server/lib/router-utils/setup-dev-bundler.js
- /home/obregan/Documents/nodl/node_modules/next/dist/server/lib/router-server.js
- /home/obregan/Documents/nodl/node_modules/next/dist/server/lib/start-server.js
    at __webpack_require__.f.require (.next/server/webpack-runtime.js:156:28)
    at <unknown> (.next/server/webpack-runtime.js:83:40)
    at Array.reduce (<anonymous>)
    at __webpack_require__.e (.next/server/webpack-runtime.js:82:67)
    at Array.map (<anonymous>)
    at __webpack_require__.X (.next/server/webpack-runtime.js:120:22)
    at <unknown> (.next/server/app/api/nodes/route.js:1:3243)
    at Object.<anonymous> (.next/server/app/api/nodes/route.js:1:3288) {
  code: 'MODULE_NOT_FOUND',
  requireStack: [Array],
  page: '/api/nodes'
}
 GET /api/nodes 500 in 355ms
 ⨯ Error: Cannot find module './207.js'
Require stack:
- /home/obregan/Documents/nodl/apps/wnoder/.next/server/webpack-runtime.js
- /home/obregan/Documents/nodl/apps/wnoder/.next/server/pages/_document.js
- /home/obregan/Documents/nodl/node_modules/next/dist/server/require.js
- /home/obregan/Documents/nodl/node_modules/next/dist/server/load-components.js
- /home/obregan/Documents/nodl/node_modules/next/dist/build/utils.js
- /home/obregan/Documents/nodl/node_modules/next/dist/build/swc/options.js
- /home/obregan/Documents/nodl/node_modules/next/dist/build/swc/index.js
- /home/obregan/Documents/nodl/node_modules/next/dist/build/analysis/parse-module.js
- /home/obregan/Documents/nodl/node_modules/next/dist/build/analysis/get-page-static-info.js
- /home/obregan/Documents/nodl/node_modules/next/dist/server/lib/router-utils/setup-dev-bundler.js
- /home/obregan/Documents/nodl/node_modules/next/dist/server/lib/router-server.js
- /home/obregan/Documents/nodl/node_modules/next/dist/server/lib/start-server.js
    at __webpack_require__.f.require (.next/server/webpack-runtime.js:156:28)
    at <unknown> (.next/server/webpack-runtime.js:83:40)
    at Array.reduce (<anonymous>)
    at __webpack_require__.e (.next/server/webpack-runtime.js:82:67)
    at Array.map (<anonymous>)
    at __webpack_require__.X (.next/server/webpack-runtime.js:120:22)
    at <unknown> (.next/server/app/api/nodes/route.js:1:3243)
    at Object.<anonymous> (.next/server/app/api/nodes/route.js:1:3288) {
  code: 'MODULE_NOT_FOUND',
  requireStack: [Array],
  page: '/api/nodes'
}
 GET /api/nodes 500 in 302ms
 ⨯ Error: Cannot find module './207.js'
Require stack:
- /home/obregan/Documents/nodl/apps/wnoder/.next/server/webpack-runtime.js
- /home/obregan/Documents/nodl/apps/wnoder/.next/server/pages/_document.js
- /home/obregan/Documents/nodl/node_modules/next/dist/server/require.js
- /home/obregan/Documents/nodl/node_modules/next/dist/server/load-components.js
- /home/obregan/Documents/nodl/node_modules/next/dist/build/utils.js
- /home/obregan/Documents/nodl/node_modules/next/dist/build/swc/options.js
- /home/obregan/Documents/nodl/node_modules/next/dist/build/swc/index.js
- /home/obregan/Documents/nodl/node_modules/next/dist/build/analysis/parse-module.js
- /home/obregan/Documents/nodl/node_modules/next/dist/build/analysis/get-page-static-info.js
- /home/obregan/Documents/nodl/node_modules/next/dist/server/lib/router-utils/setup-dev-bundler.js
- /home/obregan/Documents/nodl/node_modules/next/dist/server/lib/router-server.js
- /home/obregan/Documents/nodl/node_modules/next/dist/server/lib/start-server.js
    at __webpack_require__.f.require (.next/server/webpack-runtime.js:156:28)
    at <unknown> (.next/server/webpack-runtime.js:83:40)
    at Array.reduce (<anonymous>)
    at __webpack_require__.e (.next/server/webpack-runtime.js:82:67)
    at Array.map (<anonymous>)
    at __webpack_require__.X (.next/server/webpack-runtime.js:120:22)
    at <unknown> (.next/server/app/api/nodes/route.js:1:3243)
    at Object.<anonymous> (.next/server/app/api/nodes/route.js:1:3288) {
  code: 'MODULE_NOT_FOUND',
  requireStack: [Array],
  page: '/api/nodes'
}
 GET /api/nodes 500 in 2450ms
 ⨯ Error: Cannot find module './207.js'
Require stack:
- /home/obregan/Documents/nodl/apps/wnoder/.next/server/webpack-runtime.js
- /home/obregan/Documents/nodl/apps/wnoder/.next/server/pages/_document.js
- /home/obregan/Documents/nodl/node_modules/next/dist/server/require.js
- /home/obregan/Documents/nodl/node_modules/next/dist/server/load-components.js
- /home/obregan/Documents/nodl/node_modules/next/dist/build/utils.js
- /home/obregan/Documents/nodl/node_modules/next/dist/build/swc/options.js
- /home/obregan/Documents/nodl/node_modules/next/dist/build/swc/index.js
- /home/obregan/Documents/nodl/node_modules/next/dist/build/analysis/parse-module.js
- /home/obregan/Documents/nodl/node_modules/next/dist/build/analysis/get-page-static-info.js
- /home/obregan/Documents/nodl/node_modules/next/dist/server/lib/router-utils/setup-dev-bundler.js
- /home/obregan/Documents/nodl/node_modules/next/dist/server/lib/router-server.js
- /home/obregan/Documents/nodl/node_modules/next/dist/server/lib/start-server.js
    at __webpack_require__.f.require (.next/server/webpack-runtime.js:156:28)
    at <unknown> (.next/server/webpack-runtime.js:83:40)
    at Array.reduce (<anonymous>)
    at __webpack_require__.e (.next/server/webpack-runtime.js:82:67)
    at Array.map (<anonymous>)
    at __webpack_require__.X (.next/server/webpack-runtime.js:120:22)
    at <unknown> (.next/server/app/api/nodes/route.js:1:3243)
    at Object.<anonymous> (.next/server/app/api/nodes/route.js:1:3288) {
  code: 'MODULE_NOT_FOUND',
  requireStack: [Array],
  page: '/api/nodes'
}
 GET /api/nodes 500 in 370ms
 ⨯ Error: Cannot find module './207.js'
Require stack:
- /home/obregan/Documents/nodl/apps/wnoder/.next/server/webpack-runtime.js
- /home/obregan/Documents/nodl/apps/wnoder/.next/server/pages/_document.js
- /home/obregan/Documents/nodl/node_modules/next/dist/server/require.js
- /home/obregan/Documents/nodl/node_modules/next/dist/server/load-components.js
- /home/obregan/Documents/nodl/node_modules/next/dist/build/utils.js
- /home/obregan/Documents/nodl/node_modules/next/dist/build/swc/options.js
- /home/obregan/Documents/nodl/node_modules/next/dist/build/swc/index.js
- /home/obregan/Documents/nodl/node_modules/next/dist/build/analysis/parse-module.js
- /home/obregan/Documents/nodl/node_modules/next/dist/build/analysis/get-page-static-info.js
- /home/obregan/Documents/nodl/node_modules/next/dist/server/lib/router-utils/setup-dev-bundler.js
- /home/obregan/Documents/nodl/node_modules/next/dist/server/lib/router-server.js
- /home/obregan/Documents/nodl/node_modules/next/dist/server/lib/start-server.js
    at __webpack_require__.f.require (.next/server/webpack-runtime.js:156:28)
    at <unknown> (.next/server/webpack-runtime.js:83:40)
    at Array.reduce (<anonymous>)
    at __webpack_require__.e (.next/server/webpack-runtime.js:82:67)
    at Array.map (<anonymous>)
    at __webpack_require__.X (.next/server/webpack-runtime.js:120:22)
    at <unknown> (.next/server/app/api/nodes/route.js:1:3243)
    at Object.<anonymous> (.next/server/app/api/nodes/route.js:1:3288) {
  code: 'MODULE_NOT_FOUND',
  requireStack: [Array],
  page: '/api/nodes'
}
 GET /api/nodes 500 in 313ms
 ⨯ Error: Cannot find module './207.js'
Require stack:
- /home/obregan/Documents/nodl/apps/wnoder/.next/server/webpack-runtime.js
- /home/obregan/Documents/nodl/apps/wnoder/.next/server/pages/_document.js
- /home/obregan/Documents/nodl/node_modules/next/dist/server/require.js
- /home/obregan/Documents/nodl/node_modules/next/dist/server/load-components.js
- /home/obregan/Documents/nodl/node_modules/next/dist/build/utils.js
- /home/obregan/Documents/nodl/node_modules/next/dist/build/swc/options.js
- /home/obregan/Documents/nodl/node_modules/next/dist/build/swc/index.js
- /home/obregan/Documents/nodl/node_modules/next/dist/build/analysis/parse-module.js
- /home/obregan/Documents/nodl/node_modules/next/dist/build/analysis/get-page-static-info.js
- /home/obregan/Documents/nodl/node_modules/next/dist/server/lib/router-utils/setup-dev-bundler.js
- /home/obregan/Documents/nodl/node_modules/next/dist/server/lib/router-server.js
- /home/obregan/Documents/nodl/node_modules/next/dist/server/lib/start-server.js
    at __webpack_require__.f.require (.next/server/webpack-runtime.js:156:28)
    at <unknown> (.next/server/webpack-runtime.js:83:40)
    at Array.reduce (<anonymous>)
    at __webpack_require__.e (.next/server/webpack-runtime.js:82:67)
    at Array.map (<anonymous>)
    at __webpack_require__.X (.next/server/webpack-runtime.js:120:22)
    at <unknown> (.next/server/app/api/nodes/route.js:1:3243)
    at Object.<anonymous> (.next/server/app/api/nodes/route.js:1:3288) {
  code: 'MODULE_NOT_FOUND',
  requireStack: [Array],
  page: '/api/nodes'
}
 GET /api/nodes 500 in 365ms
 ⨯ Error: Cannot find module './207.js'
Require stack:
- /home/obregan/Documents/nodl/apps/wnoder/.next/server/webpack-runtime.js
- /home/obregan/Documents/nodl/apps/wnoder/.next/server/pages/_document.js
- /home/obregan/Documents/nodl/node_modules/next/dist/server/require.js
- /home/obregan/Documents/nodl/node_modules/next/dist/server/load-components.js
- /home/obregan/Documents/nodl/node_modules/next/dist/build/utils.js
- /home/obregan/Documents/nodl/node_modules/next/dist/build/swc/options.js
- /home/obregan/Documents/nodl/node_modules/next/dist/build/swc/index.js
- /home/obregan/Documents/nodl/node_modules/next/dist/build/analysis/parse-module.js
- /home/obregan/Documents/nodl/node_modules/next/dist/build/analysis/get-page-static-info.js
- /home/obregan/Documents/nodl/node_modules/next/dist/server/lib/router-utils/setup-dev-bundler.js
- /home/obregan/Documents/nodl/node_modules/next/dist/server/lib/router-server.js
- /home/obregan/Documents/nodl/node_modules/next/dist/server/lib/start-server.js
    at __webpack_require__.f.require (.next/server/webpack-runtime.js:156:28)
    at <unknown> (.next/server/webpack-runtime.js:83:40)
    at Array.reduce (<anonymous>)
    at __webpack_require__.e (.next/server/webpack-runtime.js:82:67)
    at Array.map (<anonymous>)
    at __webpack_require__.X (.next/server/webpack-runtime.js:120:22)
    at <unknown> (.next/server/app/api/nodes/route.js:1:3243)
    at Object.<anonymous> (.next/server/app/api/nodes/route.js:1:3288) {
  code: 'MODULE_NOT_FOUND',
  requireStack: [Array],
  page: '/api/nodes'
}
 GET /api/nodes 500 in 409ms
